# 1.SQL的约束
约束是一种限制，它通过对表的行或列的数据做出限制，来确保表的数据的完整性、唯一性。

# 2.约束分类
约束是一种限制，它通过对表的行或列的数据做出限制，来确保表的数据的完整性、唯一性。

在MySQL中，通常有这几种约束：

|约束类型：|	主键|	默认值|	唯一	|外键|	非空|
|--------:|:----:|:----:|:----:|:----:|----:|
|关键字：|	PRIMARY KEY|	DEFAULT|	UNIQUE|	FOREIGN KEY|	NOT NULL|

# 3.建立含约束的表

为了方便介绍这几种约束，先建立一个数据库。

注：如果你是从上一节直接进入本节进行学习的，请先删除上一节建立的数据库`mysql_lzy`，删除语句为`DROP DATABASE mysql_lzy;`。

题外话，其实，如果你是重新登入SQL的话，可以用下面命令行连接之前存在的数据库：
```
use mysql_lzy;
```
然后用`show tables;`进行查看其中的表，然后用`SELECT * FROM XXX;`(xxx是表名)进行查看表中的数据。

先删除之前的数据库`DROP DATABASE mysql_lzy;`,显示`Query OK, 1 row affected (0.06 sec)`及成功删库。

先创建一个SQL文件`mysql_lzy.sql`，其中包含的代码可以新建一个数据库 mysql_lzy,然后在其中创建三张表 department，employee，project，它们包含了各种约束。文件里的代码如下：(下面会分析这里的每一句代码~)
```
CREATE DATABASE mysql_lzy;

use mysql_lzy;

CREATE TABLE department
(
  dpt_name   CHAR(20) NOT NULL,
  people_num INT(10) DEFAULT '10',
  CONSTRAINT dpt_pk PRIMARY KEY (dpt_name)
 );

CREATE TABLE employee
(
  id      INT(10) PRIMARY KEY,
  name    CHAR(20),
  age     INT(10),
  salary  INT(10) NOT NULL,
  phone   INT(12) NOT NULL,
  in_dpt  CHAR(20) NOT NULL,
  UNIQUE  (phone),
  CONSTRAINT emp_fk FOREIGN KEY (in_dpt) REFERENCES department(dpt_name)
 );
 
CREATE TABLE project
(
  proj_num   INT(10) NOT NULL,
  proj_name  CHAR(20) NOT NULL,
  start_date DATE NOT NULL,
  end_date   DATE DEFAULT '2018-03-19',
  of_dpt     CHAR(20) REFERENCES department(dpt_name),
  CONSTRAINT proj_pk PRIMARY KEY (proj_num,proj_name)
 );
```
这代码中的employee表在插入数据后的效果是这样的：(后面会说到~)
```
+----+------+------+--------+--------+--------+
| id | name | age  | salary | phone  | in_dpt |
+----+------+------+--------+--------+--------+
|  1 | Tom  |   25 |   3000 | 110110 | dpt1   |
|  2 | Jack |   30 |   3500 | 114114 | dpt2   |
|  3 | Jim  | NULL |   3400 | 119119 | dpt2   |
|  4 | Bob  |   23 |      0 | 123456 | dpt1   |
+----+------+------+--------+--------+--------+

```
加载文件中的数据，需要在 MySQL 控制台中输入命令：
```
source /home/lzy/mysql_lzy.sql
```
显示如下内容，则创建成功：
```
Query OK, 1 row affected (0.00 sec)
Database changed
Query OK, 0 rows affected (0.01 sec)
Query OK, 0 rows affected (0.07 sec)
Query OK, 0 rows affected (0.00 sec)
```
查看一下这个数据库，输入命令 show tables;，可见：
```
+---------------------+
| Tables_in_mysql_lzy |
+---------------------+
| department          |
| employee            |
| project             |
+---------------------+
3 rows in set (0.00 sec)

```
# 4.主键

主键 (PRIMARY KEY)是用于约束表中的一行，作为这一行的唯一标识符，在一张表中通过主键就能准确定位到一行，因此主键十分重要。主键不能有重复且不能为空。
在 mysql_lzy.sql 中，这里有主键：
```
 id      INT(10) PRIMARY KEY,
```
也可以这样定义主键：
```
# 主键名：dpt_pk
CONSTRAINT dpt_pk PRIMARY KEY (dpt_name)
```
还有一种特殊的主键——复合主键。主键不仅可以是表中的一列，也可以由表中的两列或多列来共同标识，比如：
```
# proj_pk是主键名字，proj_num,proj_name是复合主键
CONSTRAINT proj_pk PRIMARY KEY (proj_num,proj_name)
```
# 5.默认值约束
默认值约束 (DEFAULT) 规定，当有 DEFAULT 约束的列，插入数据为空时，将使用默认值。
在 mysql_lzy.sql 中，这段代码包含了 DEFAULT 约束：
```
# people_num 有default约束，默认值是10
people_num INT(10) DEFAULT '10',
```
DEFAULT 约束只会在使用 INSERT 语句（上次使用过）时体现出来，INSERT语句中，如果被 DEFAULT 约束的位置没有值，那么这个位置将会被 DEFAULT 的值填充，如语句：
```
# 正常插入数据
INSERT INTO department(dpt_name,people_num) VALUES('dpt1',11);

#插入新的数据，people_num 为空，使用默认值
INSERT INTO department(dpt_name) VALUES('dpt2');
```
输入命令 `select *from department`;，可见表中第二行的people_num 被 DEFAULT 的值 (10) 填充：
```
+----------+------------+
| dpt_name | people_num |
+----------+------------+
| dpt1     |         11 |
| dpt2     |         10 |
+----------+------------+
2 rows in set (0.00 sec)

```
# 6.唯一约束

唯一约束 (UNIQUE) 比较简单，它规定一张表中指定的一列的值必须不能有重复值，即这一列每个值都是唯一的。
在 mysql_lzy.sql 中，也有 UNIQUE 约束：
```
# 这里有unique约束，phone的值唯一
UNIQUE  (phone),
```
当 INSERT 语句新插入的数据和已有数据重复的时候，如果有 UNIQUE约束，则 INSERT 失败，比如：
```
INSERT INTO employee VALUES(01,'Tom',25,3000,110110,'dpt1');
INSERT INTO employee VALUES(02,'Jack',30,3500,110110,'dpt2');
```
输入第一条语句显示：
```
Query OK, 1 row affected (0.01 sec)
```
但输入第二条语句显示错误提示：
```
ERROR 1062 (23000): Duplicate entry '110110' for key 'phone'
```
因为phone相同，与UNIQUE约束冲突，插入数据失败。

# 7.外键约束

外键 (FOREIGN KEY) 既能确保数据完整性，也能表现表之间的关系。

一个表可以有多个外键，每个外键必须 REFERENCES (参考) 另一个表的主键，被外键约束的列，取值必须在它参考的列中有对应值。
```
# 外键名字：emp_fk, in_dpt是外键，参考列为 department 表的 dpt_name列.
CONSTRAINT emp_fk FOREIGN KEY (in_dpt) REFERENCES department(dpt_name)
```
在 INSERT 时，如果被外键约束的值没有在参考列中有对应，比如以下命令，参考列 (department 表的 dpt_name) 中没有dpt3，则INSERT 失败：
```
INSERT INTO employee VALUES(02,'Jack',30,3500,114114,'dpt3');
```
显示错误信息：
```
ERROR 1452 (23000): Cannot add or update a child row: a foreign key constraint fails (`mysql_lzy`.`employee`, CONSTRAINT `emp_fk` FOREIGN KEY (`in_dpt`) REFERENCES `department` (`dpt_name`))
```
但将 `dpt3` 改为 `dpt2`（department 表中有 dpt2），则插入成功：
```
INSERT INTO employee VALUES(02,'Jack',30,3500,114114,'dpt2');
```
插入成功显示：
```
Query OK, 1 row affected (0.00 sec)
```
# 8. 非空约束

非空约束 (NOT NULL),听名字就能理解，被非空约束的列，在插入值时必须非空。
```
age     INT(10), # 没有非空约束
salary  INT(10) NOT NULL, # 有非空约束
```
但是注意的是，在MySQL中违反非空约束，`不会报错，只会有警告`，比如以下语句：
```
#INSERT 成功 age 为空，因为没有非空约束，表中显示 NULL
INSERT INTO employee(id,name,salary,phone,in_dpt) VALUES(03,'Jim',3400,119119,'dpt2'); 

#警告 salary 被非空约束，值为空，表中显示0
INSERT INTO employee(id,name,age,phone,in_dpt) VALUES(04,'Bob',23,123456,'dpt1');
```
执行第一条语句显示:`Query OK, 1 row affected (0.01 sec)`
执行第二条语句显示：`Query OK, 1 row affected, 1 warning (0.00 sec)`
我当前的环境是`Server version: 5.5.59-0 ubuntu0.14.04.1 (Ubuntu)`, 但是`5.6`版本以上的MySQL会报错，禁止插入不符合非空约束的数据。

此时执行：`select *from employee;`，会显示employee表的内容为：
```
+----+------+------+--------+--------+--------+
| id | name | age  | salary | phone  | in_dpt |
+----+------+------+--------+--------+--------+
|  1 | Tom  |   25 |   3000 | 110110 | dpt1   |
|  2 | Jack |   30 |   3500 | 114114 | dpt2   |
|  3 | Jim  | NULL |   3400 | 119119 | dpt2   |
|  4 | Bob  |   23 |      0 | 123456 | dpt1   | # salary有NOT NULL约束，当输入为空时被记为 0.
+----+------+------+--------+--------+--------+
4 rows in set (0.00 sec)
```
# 总结：
请记住 主键，默认值，外键，非空，唯一这几种约束的特性
