# 1 创建表
创建表和之前的没什么区别。可以`create`，可以`source`。
为了验证你的表是按你期望的方式创建，使用一个`DESCRIBE 表名`语句：
```
DESCRIBE employee;
```
显示：
```
+--------+----------+------+-----+---------+-------+
| Field  | Type     | Null | Key | Default | Extra |
+--------+----------+------+-----+---------+-------+
| id     | int(10)  | NO   | PRI | NULL    |       |
| name   | char(20) | YES  | MUL | NULL    |       |
| age    | int(10)  | YES  |     | NULL    |       |
| salary | int(10)  | NO   |     | NULL    |       |
| phone  | int(12)  | NO   | UNI | NULL    |       |
| in_dpt | char(20) | NO   | MUL | NULL    |       |
+--------+----------+------+-----+---------+-------+
6 rows in set (0.07 sec)
```
可以随时使用`DESCRIBE`，例如：你忘记表中的列的名称或类型的时候。

# 2.将数据加载到表中

创建表后，需要填入内容。可以通过`LOAD DATA`和`INSERT`语句将数据加载到表中。
因为你是从一个空表开始的，填充它的一个简易方法是创建一个文本文件，然后用一个语句将文件的内容加载到表中。

注意如果用Windows中的编辑器（使用\r\n做为行的结束符）创建文件，应使用：
```
mysql> LOAD DATA INFILE '文件路径' INTO TABLE pet LINES 
    -> TERMINATED BY '\r\n';
```
（在运行OS X的苹果电脑上，应使用行结束符`\r`。）

如果想要一次增加一个新记录，可以使用`INSERT`语句。

另外，可以直接用INSERT语句插入`NULL`代表不存在的值。

# 3.从表检索信息
## 3.1选择所有的数据

从表中检索所有记录的最简单方式是使用SELECT语句：
```
select *from 表名;
```
发现数据错误至少有两种修正方法：
1.编辑数据元文件，改正错误，然后使用`DELETE`和`LOAD DATA`清空并重新加载表:
这种比较麻烦。不提倡。

2.用一个`UPDATE`语句就可以修正错误记录：
```
mysql> UPDATE 表名 SET 具体数据 WHERE 数据行;
```
`UPDATE`只更改有问题的记录，并且不需要重新加载数据库表。

## 3.2选择特殊行
检索整个表是容易的。只需要使用SELECT语句即可。但是一般情况下你不想检索整个表的内容，特别地当表变得很大时。相反，你通常对解决一个具体的问题更感兴趣，在这种情况下在你需要添加一些限制条件。
```
SELECT * FROM 表名 WHERE 数据特征;
```
还可以使用`AND`语句组合筛选条件。
有`AND`逻辑操作符，那么就有一个`OR`操作符。
`AND`和`OR`可以混用，但`AND`比`OR`具有更高的优先级。如果你使用两个操作符，最好是使用圆括号指明如何按条件分组。

## 3.3选择特殊列

如果你不想看到表中的所有行，就需要指明你感兴趣的列名称，并用逗号将列名分开。
```
mysql> SELECT 列名, 列名 FROM 表名;
```
注意该查询只是简单地检索每个记录的列，但是他们有些名字出现多次。为了使输出减到最少（避免重复），增加关键字`DISTINCT`检索出每条唯一的输出记录：
```
mysql> SELECT DISTINCT 列名 FROM 表名;
```
可以使用一个`WHERE`子句同时进行行选择与列选择。例如：
```
mysql> SELECT name, species, birth FROM pet
    -> WHERE species = 'dog' OR species = 'cat';
```
## 3.4行分类

你可能已经注意到前面的例子中行并没有以特定的顺序显示。然而，当行按某种方式排序时，检查查询输出的时候通常变得相对简单一点。为了给结果排序，使用`ORDER BY`子句。

由于字符串类型的数据对大小写并不敏感。这意味着，对于大小写不同其他都一样的列，排序后的结果都不会更改。这种情况下，可以使用`BINARY`强制执行区分大小写的排序功能，如：`ORDER BY BINARY col_name`。

默认排序是升序，也就是最小的值排在第一。要想以降序排序，在你正在排序的列名旁边增加`DESC`（降序 ）关键字：例如：
```
mysql> SELECT name, birth FROM pet ORDER BY birth DESC;
```
可以对多个列进行排序，并且可以按不同的方向对不同的列进行排序。例如，按升序对动物的种类进行排序，然后按降序根据生日对各动物种类进行排序（最年轻的动物在最前面），使用下列查询：
```
mysql> SELECT name, species, birth FROM pet
    -> ORDER BY species, birth DESC;
```
注意`DESC`关键字仅适用于在它前面的列名(`birth`)；不影响`species`列的排序顺序。

## 3.5日期计算

MySQL 有用来计算日期的函数，比如计算年龄或提取日期部分。

- 可以使用函数TIMESTAMPDIFF()计算当前日期的年和出生日期之间的差
- 也可以按照直接使用语句(YEAR(CURDATE())-YEAR(birth))计算，其中函数CURDATE()是计算当前的日期。如果当前日期的日历年比出生日期早，则减去一年。

下面2个语句是一样的：其中关键字age是年龄这个计算结果的标签。

```
mysql> SELECT name, birth, CURDATE(),
    -> TIMESTAMPDIFF(YEAR,birth,CURDATE()) AS age
    -> FROM pet;

# 比较这两个查询语句的结果

mysql> SELECT name, birth, CURDATE(),
    -> (YEAR(CURDATE())-YEAR(birth))
    -> - (RIGHT(CURDATE(),5)<RIGHT(birth,5)) AS age  
    -> FROM pet;
```
`YEAR()`提取日期的年部分，`RIGHT()`提取日期最右面5个字符的`MM-DD` (月份和日期)部分。`MM-DD`值的表达式部分的值一般为`1`或`0`，如果`CURDATE()`的年比`birth`的年早，则年份应减去`1`。整个表达式看起来有些难懂，使用`age`来使输出的列标记更有意义。

如果以某个顺序排列行，那么会使得浏览结果变得更加轻松。添加ORDER BY name子句则能够实现按照名字进行排序输出。
```
mysql> SELECT name, birth, CURDATE(),
    -> (YEAR(CURDATE())-YEAR(birth))
    -> - (RIGHT(CURDATE(),5)<RIGHT(birth,5))
    -> AS age
    -> FROM pet ORDER BY name;
```
如果按age而非name排序输出，只要再使用一个ORDER BY子句：
```
mysql> SELECT name, birth, CURDATE(),
    -> (YEAR(CURDATE())-YEAR(birth))
    -> - (RIGHT(CURDATE(),5)<RIGHT(birth,5))
    -> AS age
    -> FROM pet ORDER BY age;
```
查询非空：
查询使用`xxx IS NOT NULL`而非`death != NULL`，因为`NULL`是特殊的值，不能使用普通比较符来比较。

MySQL提供几个日期方面的提取函数，例如`YEAR()`、`MONTH()`和`DAYOFMONTH()，NOW()`。
`DATE_ADD()`允许在一个给定的日期上加上时间间隔。

使用取模函数`MOD()`:

如果月份当前值是`12`，则“返回”到值`0`:

```
mysql> SELECT name, birth FROM pet
    -> WHERE MONTH(birth) = MOD(MONTH(CURDATE()), 12) + 1;
```
注意，`MONTH`返回在1和12之间的一个数字，且`MOD(something,12)`返回在0和11之间的一个数字，因此必须在`MOD()`后加1，否则我们将从11月(11)跳到1月(1)。

## 3.6NULL值操作

`NULL`值可能令人感到奇怪因此你需要习惯它。概念上，`NULL`意味着“没有值”或“未知值”，并且它被看作使与众不同的值。为了测试`NULL`，你不能使用算术比较操作符例如`=`、`<`或`!=`。为了了解它，试试下列查询：
```
mysql> SELECT 1 = NULL, 1<>NULL, 1 < NULL , 1>NULL;
+----------+---------+----------+--------+
| 1 = NULL | 1<>NULL | 1 < NULL | 1>NULL |
+----------+---------+----------+--------+
|     NULL |    NULL |     NULL |   NULL |
+----------+---------+----------+--------+
1 row in set (0.00 sec)
```
很显然不能通过这些得到有意义的结果，因为任何使用算数比较操作符对`NULL`进行比较的结果都是`NULL`。因此使用`IS NULL`和`IS NOT NULL`操作符：
```
mysql> SELECT 1 IS NULL, 1 IS NOT NULL;
+-----------+---------------+
| 1 IS NULL | 1 IS NOT NULL |
+-----------+---------------+
|         0 |             1 |
+-----------+---------------+
1 row in set (0.00 sec)
```
请注意在`MySQL`中，`0`或`NULL`意味着假而其它值意味着真。布尔运算的默认真值是1。
注意：`xxx IS NOT NULL;`和 `xxx != NULL`的区别。

在`GROUP BY`中，两个`NULL`值被视为相同等价的。

执行`ORDER BY`语句排序时，如果运行`ORDER BY ... ASC`，则`NULL`值出现在最前面，若运行`ORDER BY ... DESC`，则`NULL`值出现在最后面。

`NULL`操作的常见错误是认为不能在定义为`NOT NULL`的列内插入`0`或空字符串，但事实并非如此。这样的结果是在`NULL`表示"没有数值"的时候恰恰是有数值`0`存在的。因此使用`IS [NOT] NULL`则可以很容易地进行区分，如下所示：
```
mysql> SELECT 0 IS NULL , 0 IS NOT NULL, '' IS NULL , '' IS NOT NULL;
+-----------+---------------+------------+----------------+
| 0 IS NULL | 0 IS NOT NULL | '' IS NULL | '' IS NOT NULL |
+-----------+---------------+------------+----------------+
|         0 |             1 |          0 |              1 |
+-----------+---------------+------------+----------------+
1 row in set (0.00 sec)
```
因此完全可以在定义为`NOT NULL`的列内插入`0`或`空字符串`，因为它们实际是`NOT NULL`。

## 3.7模式匹配

MySQL提供标准的SQL模式匹配，以及一种基于类Unix里的程序如vi、grep和sed里的扩展正则表达式模式匹配的格式。 SQL模式匹配允许你使用“_”匹配任何单个字符，而“`%`”匹配任意数目字符(包括零字符)。在 MySQL中，SQL的模式默认是忽略大小写的。下面给出一些例子。注意使用SQL模式时，不能使用=或!=；而应使用`LIKE`或`NOT LIKE`比较操作符。
想找出以`“b”开头`的名字:
```
mysql> SELECT * FROM 表名 WHERE name LIKE 'b%'; # '%y':结尾； '%w%':含w的名字；

```
想找出正好包含5个字符的名字，使用“_”模式字符：
```
mysql> SELECT * FROM 表名 WHERE name LIKE '_____';
```
由MySQL提供的模式匹配的其它类型是使用扩展正则表达式。当你对这类模式进行匹配测试时，使用`REGEXP`和`NOT REGEXP`操作符(或`RLIKE`和`NOT RLIKE`，它们是同义词)。

扩展正则表达式的一些字符是：

- ‘.’匹配任何单个的字符。

- 字符类“[...]”匹配在方括号内的任何字符。例如，“[abc]”匹配“a”、“b”或“c”。为了命名字符的范围，使用一个“-”。“`[a-z]`”匹配任何字母，而“`[0-9]`”匹配任何数字。

- “ *”匹配零个或多个在它前面的东西。例如，“`x*`”匹配任何数量的“x”字符，“`[0-9]*`”匹配的任何数量的数字，而“`.*`”匹配任何数量的任何东西。


