# 创建数据库
创建一个数据库`TEST`，并切换到该数据库：
```
mysql> CREATE DATABASE TEST;
Query OK, 1 row affected (0.09 sec)
```
```
mysql> USE TEST;
Database changed
```
再创建一个表:
```
mysql> CREATE TABLE shop (
    -> article INT(4) UNSIGNED ZEROFILL DEFAULT '0000' NOT NULL,
    -> dealer  CHAR(20)                 DEFAULT ''     NOT NULL,
    -> price   DOUBLE(16,2)             DEFAULT '0.00' NOT NULL,
    -> PRIMARY KEY(article, dealer));
# 插入数据
mysql> INSERT INTO shop VALUES
    -> (1,'A',3.45),(1,'B',3.99),(2,'A',10.99),(3,'B',1.45),
    -> (3,'C',1.69),(3,'D',1.25),(4,'D',19.95);
```
用`select`语句显示一下：
```
mysql> select *from shop;
+---------+--------+-------+
| article | dealer | price |
+---------+--------+-------+
|    0001 | A      |  3.45 |
|    0001 | B      |  3.99 |
|    0002 | A      | 10.99 |
|    0003 | B      |  1.45 |
|    0003 | C      |  1.69 |
|    0003 | D      |  1.25 |
|    0004 | D      | 19.95 |
+---------+--------+-------+
7 rows in set (0.02 sec)
```
# 寻找列的最大值

使用`MAX()`函数计算物品号`article`的最大值：
```
mysql> SELECT MAX(article) as article FROM shop;
+---------+
| article |
+---------+
|       4 |
+---------+
1 row in set (0.00 sec)
```
#  查询某列最大值所在的行
```
# 显示price这一列最大值对应的行
mysql> SELECT article,dealer,price
    -> FROM shop
    -> WHERE price = (SELECT MAX(price) FROM shop);
+---------+--------+-------+
| article | dealer | price |
+---------+--------+-------+
|    0004 | D      | 19.95 |
+---------+--------+-------+
1 row in set (0.01 sec)
```
另外一个方法是对所有行进行价格的降序排序，然后使用MySQL特有的LIMIT子句显示其中一行（这里是指定第一行显示最高价格）：
```
mysql> SELECT article, dealer, price
    -> FROM shop
    -> ORDER BY price DESC
    -> LIMIT 1;
+---------+--------+-------+
| article | dealer | price |
+---------+--------+-------+
|    0004 | D      | 19.95 |
+---------+--------+-------+
1 row in set (0.03 sec)
```
### 注：如果有多项物品的价格都是19.95（最贵的物品不止一个），那么LIMIT的显示结果也只会显示其中一个。
