# 1.创建数据库
创建一个数据库`TEST`，并切换到该数据库：
```
mysql> CREATE DATABASE TEST;
Query OK, 1 row affected (0.09 sec)
```
```
mysql> USE TEST;
Database changed
```
再创建一个表:
```
mysql> CREATE TABLE shop (
    -> article INT(4) UNSIGNED ZEROFILL DEFAULT '0000' NOT NULL,
    -> dealer  CHAR(20)                 DEFAULT ''     NOT NULL,
    -> price   DOUBLE(16,2)             DEFAULT '0.00' NOT NULL,
    -> PRIMARY KEY(article, dealer));
# 插入数据
mysql> INSERT INTO shop VALUES
    -> (1,'A',3.45),(1,'B',3.99),(2,'A',10.99),(3,'B',1.45),
    -> (3,'C',1.69),(3,'D',1.25),(4,'D',19.95);
```
用`select`语句显示一下：
```
mysql> select *from shop;
+---------+--------+-------+
| article | dealer | price |
+---------+--------+-------+
|    0001 | A      |  3.45 |
|    0001 | B      |  3.99 |
|    0002 | A      | 10.99 |
|    0003 | B      |  1.45 |
|    0003 | C      |  1.69 |
|    0003 | D      |  1.25 |
|    0004 | D      | 19.95 |
+---------+--------+-------+
7 rows in set (0.02 sec)
```
# 2.寻找列的最大值

使用`MAX()`函数计算物品号`article`的最大值：
```
mysql> SELECT MAX(article) as article FROM shop;
+---------+
| article |
+---------+
|       4 |
+---------+
1 row in set (0.00 sec)
```
#  3.查询某列最大值所在的行
```
# 显示price这一列最大值对应的行
mysql> SELECT article,dealer,price
    -> FROM shop
    -> WHERE price = (SELECT MAX(price) FROM shop);
+---------+--------+-------+
| article | dealer | price |
+---------+--------+-------+
|    0004 | D      | 19.95 |
+---------+--------+-------+
1 row in set (0.01 sec)
```
另外一个方法是对所有行进行价格的降序排序，然后使用MySQL特有的LIMIT子句显示其中一行（这里是指定第一行显示最高价格）：
```
mysql> SELECT article, dealer, price
    -> FROM shop
    -> ORDER BY price DESC
    -> LIMIT 1;
+---------+--------+-------+
| article | dealer | price |
+---------+--------+-------+
|    0004 | D      | 19.95 |
+---------+--------+-------+
1 row in set (0.03 sec)
```
### 注：如果有多项物品的价格都是19.95（最贵的物品不止一个），那么LIMIT的显示结果也只会显示其中一个。

# 4. 按组显示列的最大值

通过以下代码找出每项物品中对应出价最高价格
```
mysql>  SELECT article, MAX(price) AS price
    -> FROM shop
    -> GROUP BY article
    -> ;
+---------+-------+
| article | price |
+---------+-------+
|    0001 |  3.99 |
|    0002 | 10.99 |
|    0003 |  1.69 |
|    0004 | 19.95 |
+---------+-------+
4 rows in set (0.06 sec)
```
# 5.使用用户变量

通过使用用户变量找出价格最高或者最低的物品：
```
mysql> SELECT @min_price:=MIN(price),@max_price:=MAX(price) FROM shop;
+------------------------+------------------------+
| @min_price:=MIN(price) | @max_price:=MAX(price) |
+------------------------+------------------------+
|                   1.25 |                  19.95 |
+------------------------+------------------------+
1 row in set (0.02 sec)

mysql> SELECT * FROM shop WHERE price=@min_price OR price=@max_price;
+---------+--------+-------+
| article | dealer | price |
+---------+--------+-------+
|    0003 | D      |  1.25 |
|    0004 | D      | 19.95 |
+---------+--------+-------+
2 rows in set (0.00 sec)
```
### 思考其他的方式求出价格的最大值和最低值所对应的物品。
但是下面这样是有问题的(article,dealer都不对):
```
mysql> select article,dealer,MAX(price) price from shop;
+---------+--------+-------+
| article | dealer | price |
+---------+--------+-------+
|    0001 | A      | 19.95 |
+---------+--------+-------+
1 row in set (0.00 sec)

mysql> select article,dealer,MIN(price) price from shop;
+---------+--------+-------+
| article | dealer | price |
+---------+--------+-------+
|    0001 | A      |  1.25 |
+---------+--------+-------+
1 row in set (0.00 sec)

```
正确姿势:
```
mysql> select *from shop where(price in (select MAX(price) from shop));
+---------+--------+-------+
| article | dealer | price |
+---------+--------+-------+
|    0004 | D      | 19.95 |
+---------+--------+-------+
1 row in set (0.00 sec)


mysql> select *from shop where(price in (select MIN(price) from shop));
+---------+--------+-------+
| article | dealer | price |
+---------+--------+-------+
|    0003 | D      |  1.25 |
+---------+--------+-------+
1 row in set (0.00 sec)
```
# 6.使用外键

在MySQL中，InnoDB表支持外键约束的检查。

在连接两个表的时候并不需要外键约束。对于除`InnoDB`表以外的表，可以使用`REFERENCES tbl_name(col_name)`语句定义将它的列设置为外键，但是该语句并没有实际的作用，只是作为备注来提醒你现在正在定义的列指向另外一个表的列。在执行该语句的时候需要注意以下几点：

MySQL并不会执行任何操作检查列`col_name`是否存在于表`tbl_name`中（它甚至不会检查`tbl_name`这个表是否真正存在）。
MySQL不执行表`tbl_name`中的操作，例如对你正定义的行的进行更改行为，致使ON DELETE或ON UPDATE语句在该行上不会生效（意思是如果你在REFERENCES子句中写入ON DELETE或ON UPDATE子句，将被忽略）。
该句法可以创建一个列；但不创建任何索引或关键字。
你可以使用下面的语句建立两个表并定义外键连接两个表中的列：
```
mysql> CREATE TABLE person (
    -> id SMALLINT UNSIGNED NOT NULL AUTO_INCREMENT,
    -> name CHAR(60) NOT NULL,
    -> PRIMARY KEY (id)
    -> );

mysql> CREATE TABLE shirt (
    -> id SMALLINT UNSIGNED NOT NULL AUTO_INCREMENT,
    -> style ENUM('t-shirt', 'polo', 'dress') NOT NULL,
    -> color ENUM('red', 'blue', 'orange', 'white', 'black') NOT NULL,
    -> owner SMALLINT UNSIGNED NOT NULL REFERENCES person(id),
    -> PRIMARY KEY (id)
    -> );

mysql> INSERT INTO person VALUES (NULL, 'Antonio Paz');

mysql> SELECT @last := LAST_INSERT_ID();
+---------------------------+
| @last := LAST_INSERT_ID() |
+---------------------------+
|                         1 |
+---------------------------+
1 row in set (0.08 sec)

mysql> INSERT INTO shirt VALUES
    -> (NULL, 'polo', 'blue', @last),
    -> (NULL, 'dress', 'white', @last),
    -> (NULL, 't-shirt', 'blue', @last);

mysql> INSERT INTO person VALUES (NULL, 'Lilliana Angelovska');

mysql>  SELECT @last := LAST_INSERT_ID();
+---------------------------+
| @last := LAST_INSERT_ID() |
+---------------------------+
|                         2 |
+---------------------------+
1 row in set (0.00 sec)

mysql> INSERT INTO shirt VALUES
    -> (NULL, 'dress', 'orange', @last),
    -> (NULL, 'polo', 'red', @last),
    -> (NULL, 'dress', 'blue', @last),
    -> (NULL, 't-shirt', 'white', @last);

mysql> select *from shirt;
+----+---------+--------+-------+
| id | style   | color  | owner |
+----+---------+--------+-------+
|  1 | polo    | blue   |     1 |
|  2 | dress   | white  |     1 |
|  3 | t-shirt | blue   |     1 |
|  4 | dress   | orange |     2 |
|  5 | polo    | red    |     2 |
|  6 | dress   | blue   |     2 |
|  7 | t-shirt | white  |     2 |
+----+---------+--------+-------+
7 rows in set (0.00 sec)

mysql> select *from person;
+----+---------------------+
| id | name                |
+----+---------------------+
|  1 | Antonio Paz         |
|  2 | Lilliana Angelovska |
+----+---------------------+
2 rows in set (0.05 sec)

```
尝试查询`person`和`shirt`这两个的内容

按照以上方式建立表，并使用语句`SHOW CREATE TABLE`或者`DESCRIBE`查看输出结果，你会发现`REFERENCES`子句并不会出现在结果中：
```
SHOW CREATE TABLE shirt\G
```
输出显示:
```
*************************** 1. row ***************************
       Table: shirt
Create Table: CREATE TABLE `shirt` (
  `id` smallint(5) unsigned NOT NULL AUTO_INCREMENT,
  `style` enum('t-shirt','polo','dress') NOT NULL,
  `color` enum('red','blue','orange','white','black') NOT NULL,
  `owner` smallint(5) unsigned NOT NULL,
  PRIMARY KEY (`id`)
) ENGINE=InnoDB AUTO_INCREMENT=8 DEFAULT CHARSET=latin1
1 row in set (0.02 sec)
```
# 7.使用两个关键字进行搜索

充分利用`OR`连接两个关键字（`AND`也是一样的道理）
```
# 这里面的test_table可以是任何一个表，关键词也是类似
SELECT field1_index, field2_index FROM test_table
WHERE field1_index = '1' OR  field2_index = '1'
```
比如（继上面操作~）:
```
mysql> select style,color from shirt
    -> where style = 't-shirt' or color = 'red';
+---------+-------+
| style   | color |
+---------+-------+
| t-shirt | blue  |
| polo    | red   |
| t-shirt | white |
+---------+-------+
3 rows in set (0.00 sec)
```

还可以使用`UNION`将两个表里面的关键字一起使用进行搜索
```
SELECT field1_index, field2_index
    FROM test_table WHERE field1_index = '1'
    UNION
SELECT field1_index, field2_index
    FROM test_table WHERE field2_index = '1';
```
比如:
```
mysql>  select style,color from shirt
    -> where style ='t-shirt'
    -> UNION
    -> select style,color from shirt
    -> where color = 'red';
+---------+-------+
| style   | color |
+---------+-------+
| t-shirt | blue  |
| t-shirt | white |
| polo    | red   |
+---------+-------+
3 rows in set (0.06 sec)
```
输错发现是这样的...:
```
mysql> select style from shirt
    -> where style = 't-shirt'
    -> UNION
    -> select color from shirt
    -> where color = 'red'
    -> ;
+---------+
| style   |
+---------+
| t-shirt |
| red     |
+---------+
2 rows in set (0.03 sec)
```
# 8.计算每月的访问量

下面使用`BIT_COUNT`函数计算每个月中某用户访问网页的天数：
```
CREATE TABLE t1 (year YEAR(4), month INT(2) UNSIGNED ZEROFILL,
    day INT(2) UNSIGNED ZEROFILL);
INSERT INTO t1 VALUES(2000,1,1),(2000,1,20),(2000,1,30),(2000,2,2),
    (2000,2,23),(2000,2,23);
```
上述建立的表中有用户访问网页的年月日，可以使用以下语句查询每个月的访问天数：
```
SELECT year,month,BIT_COUNT(BIT_OR(1<<day)) AS days FROM t1
    GROUP BY year,month;
```

# 9.使用AUTO_INCREMENT语句

在定义列属性的时候添加`AUTO_INCREMENT`语句可以使得每条记录都能被唯一标识：
```
CREATE TABLE animals (
     id MEDIUMINT NOT NULL AUTO_INCREMENT,
     name CHAR(30) NOT NULL,
     PRIMARY KEY (id)
 );

INSERT INTO animals (name) VALUES 
    ('dog'),('cat'),('penguin'),
    ('lax'),('whale'),('ostrich');

SELECT * FROM animals;
```

查看以上语句的返回结果，你会发现id是自动生成的。

要想`AUTO_INCREMENT`语句生成的起始值不是1，可以通过`CREATE TABLE`或`ALTER TABLE`来设置该值，如下所示:
```
mysql> ALTER TABLE tbl AUTO_INCREMENT = 100;
```
更多关于`AUTO_INCREMENT`语句的学习：

如何为列指定`AUTO_INCREMENT`属性：CREATE TABLE语法和ALTER TABLE语法。
找出含有最新的`AUTO_INCREMENT`值的行：比较函数和操作符。
