# 1.文字值
参考官方文档：[Literal Values](https://dev.mysql.com/doc/refman/5.5/en/literals.html)

# 2.字符串

字符串指用单引号(`‘'’`)或双引号(`‘"’`)引用起来的字符序列。例如：

'a string'
"another string"
如果SQL服务器模式启用了`NSI_QUOTES`，可以只用单引号引用字符串，此时用双引号引用的字符串被解释为一个识别符。

字符串可以有一个可选的介绍字符`_charset_name`和`COLLATE`子句：
```
[_charset_name]'string' [COLLATE collation_name]
```
例如：
```
SELECT _latin1'string';
SELECT _latin1'string' COLLATE latin1_danish_ci;
```
在字符串中，某些序列具有特殊含义。这些序列均以反斜线(\)开始，即所谓的转义字符。MySQL识别的转义序列有哪些？(自行百度谷歌)
注意:这些序列对大小写敏感。例如，`\b`为退格，但`\B`为字符`B`。

下面的SELECT语句显示了引用和转义如何工作：
```
mysql> select 'hello','"hello"','""hello""','hel''lo','\'hello';
+-------+---------+-----------+--------+--------+
| hello | "hello" | ""hello"" | hel'lo | 'hello |
+-------+---------+-----------+--------+--------+
| hello | "hello" | ""hello"" | hel'lo | 'hello |
+-------+---------+-----------+--------+--------+
1 row in set (0.01 sec)

mysql> select "hello","'hello'","''hello''","hel""lo","\"hello";
+-------+---------+-----------+--------+--------+
| hello | 'hello' | ''hello'' | hel"lo | "hello |
+-------+---------+-----------+--------+--------+
| hello | 'hello' | ''hello'' | hel"lo | "hello |
+-------+---------+-----------+--------+--------+
1 row in set (0.00 sec)

mysql> select 'This\nIs\nFour\nLines';
+--------------------+
| This
Is
Four
Lines |
+--------------------+
| This
Is
Four
Lines |
+--------------------+
1 row in set (0.00 sec)

mysql> select 'disappearing\ backslash';
+------------------------+
| disappearing backslash |
+------------------------+
| disappearing backslash |
+------------------------+
1 row in set (0.00 sec)

```
# 3.数值型

整数用一系列阿拉伯数字表示，浮点数使用`.`作为十进制间隔符，以上两种类型的数值均可以在前面加一个-来表示负值。

合法整数的例子：

1221 0 -32

合法浮点数的例子：

294.42 -32032.6809e+10 148.00

整数可以用在浮点环境中；它被认为与浮点数等效。

# 4.日期类型

内容比较简单，内容建议阅读官方原文：[Date and Time Literals](https://dev.mysql.com/doc/refman/5.5/en/date-and-time-literals.html)

# 5.十六进制

MySQL支持十六进制。在数值文本中，十六进制数如同整数(64位精度)。在字符串文本中，如同二进制字符串，每对十六进制数字被转换为一个字符：
```
mysql> select x'4D7953514C';
+---------------+
| x'4D7953514C' |
+---------------+
| MySQL         |
+---------------+
1 row in set (0.00 sec)

mysql> SELECT 0xa+0；
    -> 10
mysql> SELECT 0x5061756c；
    -> 'Paul'
```
十六进制值的默认类型是字符串。如果想要确保该值能作为数字处理，可以使用`CAST(...AS UNSIGNED)`：
```
mysql> SELECT 0x41，CAST(0x41 AS UNSIGNED)；
    -> 'A'，65
```
`0x`语法基于`ODBC`。十六进制字符串通常用于[ODBC](https://dev.mysql.com/doc/refman/5.5/en/blob.html)以便为`BLOB`列提供值。`x’hexstring’`语法基于标准SQL。

可以用`HEX()`函数将一个字符串或数字转换为十六进制格式的字符串：
```
mysql> select HEX('cat');
+------------+
| HEX('cat') |
+------------+
| 636174     |
+------------+
1 row in set (0.07 sec)

mysql> SELECT 0x636174；
    -> 'cat'
```
# 6.布尔值

常量TRUE等于1，常量FALSE等于0。常量名的大小写随意。
```
mysql> SELECT TRUE，true，FALSE，false；
    -> 1，1，0，0
```
# 7. [位域(bit-field)](https://baike.baidu.com/item/%E4%BD%8D%E5%9F%9F)类型

可以使用`b'value'`符号表达位域型。`value`是一个用`0`和`1`写成的二进制值。

位域型数值可以方便指定分配给`BIT`列的值：
```
mysql> CREATE TABLE t (b BIT(8));
mysql> INSERT INTO t SET b = b'11111111';
mysql> INSERT INTO t SET b = b'1010';
```
# 8. NULL值

`NULL`值表示“没有数据”。`NULL`可以任意大小写。

请注意`NULL`值不同于数字类型的0或字符串类型的空字符串。

对于用`LOAD DATA INFILE或SELECT ...INTO OUTFILE`执行的文本文件导入或导出操作，`NULL`用序列`\N`表示。


