# 1.文字值
参考官方文档：[Literal Values](https://dev.mysql.com/doc/refman/5.5/en/literals.html)

# 2.字符串

字符串指用单引号(`‘'’`)或双引号(`‘"’`)引用起来的字符序列。例如：

'a string'
"another string"
如果SQL服务器模式启用了`NSI_QUOTES`，可以只用单引号引用字符串，此时用双引号引用的字符串被解释为一个识别符。

字符串可以有一个可选的介绍字符`_charset_name`和`COLLATE`子句：
```
[_charset_name]'string' [COLLATE collation_name]
```
例如：
```
SELECT _latin1'string';
SELECT _latin1'string' COLLATE latin1_danish_ci;
```
在字符串中，某些序列具有特殊含义。这些序列均以反斜线(\)开始，即所谓的转义字符。MySQL识别的转义序列有哪些？(自行百度谷歌)
注意:这些序列对大小写敏感。例如，`\b`为退格，但`\B`为字符`B`。

下面的SELECT语句显示了引用和转义如何工作：
```
mysql> select 'hello','"hello"','""hello""','hel''lo','\'hello';
+-------+---------+-----------+--------+--------+
| hello | "hello" | ""hello"" | hel'lo | 'hello |
+-------+---------+-----------+--------+--------+
| hello | "hello" | ""hello"" | hel'lo | 'hello |
+-------+---------+-----------+--------+--------+
1 row in set (0.01 sec)

mysql> select "hello","'hello'","''hello''","hel""lo","\"hello";
+-------+---------+-----------+--------+--------+
| hello | 'hello' | ''hello'' | hel"lo | "hello |
+-------+---------+-----------+--------+--------+
| hello | 'hello' | ''hello'' | hel"lo | "hello |
+-------+---------+-----------+--------+--------+
1 row in set (0.00 sec)

mysql> select 'This\nIs\nFour\nLines';
+--------------------+
| This
Is
Four
Lines |
+--------------------+
| This
Is
Four
Lines |
+--------------------+
1 row in set (0.00 sec)

mysql> select 'disappearing\ backslash';
+------------------------+
| disappearing backslash |
+------------------------+
| disappearing backslash |
+------------------------+
1 row in set (0.00 sec)

```
# 3.数值型

整数用一系列阿拉伯数字表示，浮点数使用`.`作为十进制间隔符，以上两种类型的数值均可以在前面加一个-来表示负值。

合法整数的例子：

1221 0 -32

合法浮点数的例子：

294.42 -32032.6809e+10 148.00

整数可以用在浮点环境中；它被认为与浮点数等效。

# 4.日期类型

内容比较简单，内容建议阅读官方原文：[Date and Time Literals](https://dev.mysql.com/doc/refman/5.5/en/date-and-time-literals.html)

# 5.十六进制

MySQL支持十六进制。在数值文本中，十六进制数如同整数(64位精度)。在字符串文本中，如同二进制字符串，每对十六进制数字被转换为一个字符：
```
mysql> select x'4D7953514C';
+---------------+
| x'4D7953514C' |
+---------------+
| MySQL         |
+---------------+
1 row in set (0.00 sec)

mysql> SELECT 0xa+0；
    -> 10
mysql> SELECT 0x5061756c；
    -> 'Paul'
```
十六进制值的默认类型是字符串。如果想要确保该值能作为数字处理，可以使用`CAST(...AS UNSIGNED)`：
```
mysql> SELECT 0x41，CAST(0x41 AS UNSIGNED)；
    -> 'A'，65
```
`0x`语法基于`ODBC`。十六进制字符串通常用于[ODBC](https://dev.mysql.com/doc/refman/5.5/en/blob.html)以便为`BLOB`列提供值。`x’hexstring’`语法基于标准SQL。

可以用`HEX()`函数将一个字符串或数字转换为十六进制格式的字符串：
```
mysql> select HEX('cat');
+------------+
| HEX('cat') |
+------------+
| 636174     |
+------------+
1 row in set (0.07 sec)

mysql> SELECT 0x636174；
    -> 'cat'
```
# 6.布尔值

常量TRUE等于1，常量FALSE等于0。常量名的大小写随意。
```
mysql> SELECT TRUE，true，FALSE，false；
    -> 1，1，0，0
```
# 7. [位域(bit-field)](https://baike.baidu.com/item/%E4%BD%8D%E5%9F%9F)类型

可以使用`b'value'`符号表达位域型。`value`是一个用`0`和`1`写成的二进制值。

位域型数值可以方便指定分配给`BIT`列的值：
```
mysql> CREATE TABLE t (b BIT(8));
mysql> INSERT INTO t SET b = b'11111111';
mysql> INSERT INTO t SET b = b'1010';
```
# 8. NULL值

`NULL`值表示“没有数据”。`NULL`可以任意大小写。

请注意`NULL`值不同于数字类型的0或字符串类型的空字符串。

对于用`LOAD DATA INFILE或SELECT ...INTO OUTFILE`执行的文本文件导入或导出操作，`NULL`用序列`\N`表示。

# 9.识别符

数据库、表、索引、列和别名是识别符。。


识别符不可以包含`ASCII 0`或值为`255`的字节。数据库、表和列名不应以空格结尾。在识别符中可以使用引号识别符，但是应尽可能避免这样使用。

识别符用`Unicode(UTF8)`保存。在`.frm`文件中保存的对表进行定义的识别符和在mysql数据库中的授权表保存的识别符也用Unicode(UTF8)保存。在MySQL 5.1中授权表（和其它表）的字符串列的大小等于字符个数；这说明（不象以前版本的MySQL）你可以在这些列保存的值中使用多字节字符而不需要降低字符个数。

识别符可以使用引号引起来也可以不引起来。如果识别符是一个保留字或包含特殊字符，无论何时使用，必须将它引起来。

识别符的引用符是反勾号(`‘`’`)：
```
mysql> SELECT * FROM `select` WHERE `select`.id > 100;
```
如果SQL服务器模式包括`ANSI_QUOTES`模式选项，还可以用双引号将识别符引起来：
```
mysql> CREATE TABLE "test" (col INT);
mysql> SET sql_mode='ANSI_QUOTES';
mysql> CREATE TABLE "test" (col INT);
```
请尝试比较上面语句中两种创建表形式的输出结果。

如果你引用识别符，可以在识别符内包含识别符引用符。如果识别符内包括的字符与引用识别符的字符相同，则需要用双字符。下面的语句创建一个名为a`b包含列c"d的表：
```
mysql> CREATE TABLE `a``b` (`c"d` INT)；
```
建议不要使用`XeX`模式的名，例如`1e`或`2e2`，因为与类似`1e+1`这样的数字混淆。

# 10.识别符限制条件

MySQL允许使用由单个识别符或多个识别符组成的名字。多部分名各组件之间应以句点(‘.’)间隔开。多部分名的开头部分作为限定词，后面的识别符才具有对该名字的解释意义。

如果多部分名的组件需要被引用，应分别将它们引起来而不要将整个名字引起来。例如，`my-tables`.`my-column` 有效，而`my-tables.my-column`无效。

不需要在语句中为列指定`tbl_name`或`db_name.tbl_name`前缀，除非列本身很模糊。举个例子：假定表`t1`和`t2`各包含一个列`c`，你使用`SELECT`语句在`t1`和`t2`中搜索`c`。在这种情况下，`c`很模糊，因为它在语句中使用的表内不唯一。你必须用表名`t1.c`或`t2.c`限定它，表示指哪个表。同样，要想用同一语句搜索数据库db1中的表t和数据库db2中的表t，你必须将那些表中的列指为`db1.t.col_name`和`db2.t.col_name`。

限定名中句点后面的字必须为一个识别符，因此不需要将它引起来，即使是一个保留字。

语法`.tbl_name`表示当前数据库中的`tbl_name`。该语法与`ODBC`兼容，因为某些ODBC程序在表名前面加前缀`‘.’`字符。

# 11.识别符的大小写敏感性
[mysql大小写敏感配置](http://blog.csdn.net/fdipzone/article/details/73692929)

# 12.键词和保留字

关键词在SQL中指代的是具有意义的一些单词。某些特定的关键字例如：`SELECT`，`DELETE`或者`BIGINT`需要与表名和列名这些标识符一起使用。

非保留关键词在没有被引用的情况下不允许作为标识符，保留字符合要求的情况下（具体见[文档](https://dev.mysql.com/doc/refman/5.7/en/identifiers.html)）可以被引用为标识符。

由于MySQL中可以使用的关键词和保留字比较多，因此更多关于关键词和保留字的信息请查看[文档](https://dev.mysql.com/doc/refman/5.7/en/keywords.html)。

# 13.用户自定义变量

可以先在用户自己定义的变量中存储一个值然后在后面引用它；这样可以将该值从一个语句传递到另一个语句。用户自定义变量具有会话专一性，也就是说，一个客户端定义的变量不能被其它客户端看到或使用，当客户端退出时，该客户端连接的所有变量将自动释放。

用户变量的形式为`@var_name`，其中变量名`var_name`可以由当前字符集中的`字母数字字符`、`.`、`_`和`$`组成。 默认字符集是`cp1252 (Latin1)`。可以用`mysqld`的`--default-character-set`选项更改字符集。

设置用户变量的一个途径是执行SET语句：
```
SET @var_name = expr [, @var_name = expr] ...
```
对于`SET`语句，可以使用`=`或`:=`作为分配符，分配给每个变量的`expr`可以为整数、实数、字符串或者`NULL`值。

除了使用`SET`语句也可以为用户变量分配一个值。在这种情况下，分配符必须为`:=`而不能用`=`，因为在非SET语句中`=`被视为比较操作符：

# 尝试输入以下语句观察结果
```
mysql> SET @t1=0, @t2=0, @t3=0;
mysql> SELECT @t1:=(@t2:=1)+@t3:=4,@t1,@t2,@t3;
```
用户变量可以用于表达式中。目前不包括明显需要文字值的语句，例如SELECT语句的LIMIT子句，或者LOAD DATA语句的IGNORE number LINES子句。

如果使用没有初始化的变量，其值是NULL。

注：在SELECT语句中，表达式是在被发送到客户端后才进行计算。这说明在HAVING、GROUP BY或者ORDER BY子句中，在SELECT列表中不能使用将值赋值到变量的表达式。例如，下面的语句不能按期望进行：
```
mysql> SELECT (@aa:=id) AS a，(@aa+3) AS b FROM tbl_name HAVING b=5；
```
上面`HAVING`子句中使用`@aa`这个变量引用了`b`，但是这并不能按期望生效：`@aa`并不是当前行的值，而是前面所选定的行的id值。因此一般情况下是不建议在语句的一个部分为用户变量分配一个值而在同一语句的其它部分又使用该变量，这可能会得到期望的结果，当然也可能不会。

另一种情况是，先使用`SET`语句将值赋值到一个用户自定义变量，再在另一个非`SET`语句中，重新读取该用户自定义变量并在该语句中对原来的变量的值进行更改，此时该自定义用户的变量的值取决于表达式本身出现的先后顺序。下面的例子说明了该点：
```
mysql> SET @a='test';
mysql> SELECT @a,(@a:=20) FROM tbl_name;
```
对于该`SELECT`语句，`MySQL`在第一行向客户端报告`@a`是一个字符串`'test'`，并且将`@a`的所有访问结果转换为字符串，即使`@a`在第2行中设置为一个数字。只有在执行完`SELECT`语句后，`@a`的值在下一语句中才是数字`20`。

要想避免这种问题，要么不在同一个语句中设置并使用相同的变量，要么在使用前将变量设置为`0`、`0.0`或者`''`来定义其类型。
