# 1.MySQL的操作符的优先级（自行查文档）
注意：
其中，部分操作符的优先级取决于SQL的模式：

- 默认情况下，`||`是逻辑运算符`OR`。当启用[PIPES_AS_CONCAT](https://dev.mysql.com/doc/refman/5.7/en/sql-mode.html#sqlmode_pipes_as_concat)模式时，`||`就是一个字符串连接符，优先级处于^与一元运算符之间。
- 默认情况下，`!`的优先级高于`NOT`。但当启用[HIGH_NOT_PRECEDENCE](https://dev.mysql.com/doc/refman/5.7/en/sql-mode.html#sqlmode_high_not_precedence)模式时，`!`和`NOT`拥有相同的优先级。

# 2.圆括号( ... )
```
mysql> SELECT 1+2*3;
mysql> SELECT (1+2)*3;
```

# 3.比较函数和操作符

比较运算产生的结果为`1(TRUE)`、`0 (FALSE)`或`NULL`。这些运算可用于数字和字符串。如果必要的话，字符串可自动转换为数字，而数字也可自动转换为字符串。

一些函数（如[LEAST()](https://dev.mysql.com/doc/refman/5.7/en/comparison-operators.html#function_least)和 [GREATEST()](https://dev.mysql.com/doc/refman/5.7/en/comparison-operators.html#function_greatest)）的返回值并不会返回`1(TRUE)`、` 0 (FALSE)`和`NULL`这样的结果。

MySQL按照以下规则进行数值比较：

- 若函数中有一个或两个参数都是`NULL`，则比较运算的结果为`NULL`，除非是等号比较运算符`<=>`。
- 若同一个比较运算中的两个参数都是字符串类型，则作为字符串进行比较。
- 若两个参数均为整数，则按照整数进行比较。
- 十六进制值在不作为数字进行比较时，则按照二进制字符串处理。
- 假如参数中的一个为`TIMESTAMP`或`DATETIME`数据类型，而其它参数均为常数，则在进行比较前应该将常数转为`timestamp`类型。这样做的目的是为了使ODBC的进行更加顺利。注意：这不用于[IN()](https://dev.mysql.com/doc/refman/5.7/en/comparison-operators.html#function_in)中的参数!为了更加可靠，在进行对比时通常使用完整的`datetime/date/time`字符串。
- 在其它情况下，参数作为浮点数（实数）进行比较。
在默认状态下，字符串比较不区分大小写，并使用现有字符集(默认为`cp1252 Latin1`，同时也适用于英语)。

为了达到比较的目的，可使用[CAST()](https://dev.mysql.com/doc/refman/5.7/en/comparison-operators.html#function_in)函数将某个值转为另外一种类型。使用[CONVERT()](https://dev.mysql.com/doc/refman/5.7/en/cast-functions.html#function_convert)可以将字符串值转为不同的字符集。
```
mysql> select 1 =0;
+------+
| 1 =0 |
+------+
|    0 |
+------+
1 row in set (0.00 sec)

mysql> select '0'=0
    -> ;
+-------+
| '0'=0 |
+-------+
|     1 |
+-------+
1 row in set (0.06 sec)

mysql> select '0.01' = 0;
+------------+
| '0.01' = 0 |
+------------+
|          0 |
+------------+
1 row in set (0.02 sec)
```
- `<=>` 空值安全的等号：
这个操作符与`=`操作符执行相同的比较操作，不过在两个操作码均为`NULL`时，其返回至为`1`而不为`NULL`，而当一个操作码为`NULL`时，其所得值为`0`而不为`NULL`。
```
mysql> select 1<=> 1, NULL <=> NULL ,1 <=> NULL;
+--------+---------------+------------+
| 1<=> 1 | NULL <=> NULL | 1 <=> NULL |
+--------+---------------+------------+
|      1 |             1 |          0 |
+--------+---------------+------------+
1 row in set (0.08 sec)

mysql> select 1 = 1, NULL = NULL, 1 = NULL;
+-------+-------------+----------+
| 1 = 1 | NULL = NULL | 1 = NULL |
+-------+-------------+----------+
|     1 |        NULL |     NULL |
+-------+-------------+----------+
1 row in set (0.00 sec)
```
对于行比较，(a, b) <=> (x, y)相当于：(a <=> x) AND (b <=> y)。
- `<> `或 `!=` 不等于
对于行比较，(a, b) <> (x, y)相当于：(a <> x) OR (b <> y)。

- `<=` 小于等于
对于行比较，(a, b) <= (x, y)相当于：(a <= x) AND (b <= y)。

- `>` 大于
对于行比较，(a, b) > (x, y)相当于：(a > x) AND (b > y)。

- `IS boolean_value`和`IS NOT boolean_value`：根据一个布尔值来检验一个值，在这里，布尔值可以是`TRUE、FALSE`或`UNKNOWN`。
```
mysql> SELECT 1 IS TRUE, 0 IS FALSE ,NULL IS UNKNOWN;
+-----------+------------+-----------------+
| 1 IS TRUE | 0 IS FALSE | NULL IS UNKNOWN |
+-----------+------------+-----------------+
|         1 |          1 |               1 |
+-----------+------------+-----------------+
1 row in set (0.01 sec)

mysql> SELECT 1 IS NOT UNKNOWN, 0 IS NOT UNKNOWN, NULL IS NOT UNKNOWN;
+------------------+------------------+---------------------+
| 1 IS NOT UNKNOWN | 0 IS NOT UNKNOWN | NULL IS NOT UNKNOWN |
+------------------+------------------+---------------------+
|                1 |                1 |                   0 |
+------------------+------------------+---------------------+
1 row in set (0.00 sec)

mysql> SELECT 1 IS NULL , 0 IS NULL, NULL IS NULL;
+-----------+-----------+--------------+
| 1 IS NULL | 0 IS NULL | NULL IS NULL |
+-----------+-----------+--------------+
|         0 |         0 |            1 |
+-----------+-----------+--------------+
1 row in set (0.01 sec)

mysql> SELECT 1 IS NOT NULL , 0 IS NOT NULL, NULL IS NOT NULL;
+---------------+---------------+------------------+
| 1 IS NOT NULL | 0 IS NOT NULL | NULL IS NOT NULL |
+---------------+---------------+------------------+
|             1 |             1 |                0 |
+---------------+---------------+------------------+
1 row in set (0.00 sec)

```
- `expr BETWEEN min AND max` 假如`expr`大于或等于`min`且`expr`小于或等于`max`, 则`BETWEEN`的返回值为`1`，否则是`0`。若所有参数都是同一类型，则上述关系相当于表达式 ：`min <= expr AND expr <= max`。
```
mysql> SELECT 1 BETWEEN 2 AND 3;
+-------------------+
| 1 BETWEEN 2 AND 3 |
+-------------------+
|                 0 |
+-------------------+
1 row in set (0.00 sec)

mysql> select 'b' between 'a' and 'c';
+-------------------------+
| 'b' between 'a' and 'c' |
+-------------------------+
|                       1 |
+-------------------------+
1 row in set (0.02 sec)

mysql> select 2 between 2 and '3';
+---------------------+
| 2 between 2 and '3' |
+---------------------+
|                   1 |
+---------------------+
1 row in set (0.00 sec)

```
`expr NOT BETWEEN min AND max`这相当于`NOT(expr BETWEEN min AND max)`。

- `COALESCE(value,...)` 返回参数列表当中的第一个非`NULL`值，在没有非`NULL`值的情况下返回值为`NULL`。
```
mysql> select coalesce(NULL,1);
+------------------+
| coalesce(NULL,1) |
+------------------+
|                1 |
+------------------+
1 row in set (0.06 sec)

mysql> select coalesce(NULL,NULL,NULL);
+--------------------------+
| coalesce(NULL,NULL,NULL) |
+--------------------------+
|                     NULL |
+--------------------------+
1 row in set (0.02 sec)

```
- `GREATEST(value1,value2,...)`当有`2`个或`2`个以上参数时，返回值为最大(最大值的)参数。比较参数所依据的规律同`LEAST()`相同。

```
mysql> select greatest(2,0);
+---------------+
| greatest(2,0) |
+---------------+
|             2 |
+---------------+
1 row in set (0.06 sec)

mysql> select greatest('B','A','C');
+-----------------------+
| greatest('B','A','C') |
+-----------------------+
| C                     |
+-----------------------+
1 row in set (0.00 sec)
```
