# 1. 控制流程函数

- `CASE value WHEN [compare-value] THEN result [WHEN [compare-value] THEN result ...] [ELSE result] END`

`CASE WHEN [condition] THEN result [WHEN [condition] THEN result ...] [ELSE result] END`

在上面第一条语句返回的是`value=compare-value`的结果。而第二条语句的返回结果是第一条语句的真正的结果。如果没有匹配的结果值，则返回结果为`ELSE`语句后的结果，如果没有`ELSE`部分，则返回值为`NULL`。
```
mysql> SELECT CASE 1 WHEN 1 THEN 'one'
    -> WHEN 2 THEN 'two' ELSE 'more' END;
+------------------------------------------------------------+
| CASE 1 WHEN 1 THEN 'one'
WHEN 2 THEN 'two' ELSE 'more' END |
+------------------------------------------------------------+
| one                                                        |
+------------------------------------------------------------+
1 row in set (0.00 sec)

mysql> SELECT CASE WHEN 1>0 THEN 'true' ELSE 'false' END;
+--------------------------------------------+
| CASE WHEN 1>0 THEN 'true' ELSE 'false' END |
+--------------------------------------------+
| true                                       |
+--------------------------------------------+
1 row in set (0.00 sec)


mysql> SELECT CASE BINARY 'B'
    -> WHEN 'a' THEN 1 WHEN 'b' THEN 2 END;
+-----------------------------------------------------+
| CASE BINARY 'B'
WHEN 'a' THEN 1 WHEN 'b' THEN 2 END |
+-----------------------------------------------------+
|                                                NULL |
+-----------------------------------------------------+
1 row in set (0.03 sec)

```
一个`CASE`表达式的默认返回值类型是任何返回值的兼容类型，但具体情况视其所在语境而定。如果用在字符串语境中，则返回结果为字符串类型。如果用在数字语境中，则返回结果为十进制值、实数值或整数值。

- `IF(expr1,expr2,expr3)`

如果`expr1`是`TRUE(expr1 <> 0 and expr1 <> NULL)`，则`IF()`的返回值为`expr2`; 否则返回值则为`expr3`。`IF()`的返回值是否为数字值或字符串值，具体情况视其所在语境而定。
```
mysql> SELECT IF(1>2,2,3);
+-------------+
| IF(1>2,2,3) |
+-------------+
|           3 |
+-------------+
1 row in set (0.01 sec)

mysql> SELECT IF(1<2,'yes ','no');
+---------------------+
| IF(1<2,'yes ','no') |
+---------------------+
| yes                 |
+---------------------+
1 row in set (0.00 sec)

mysql> SELECT IF(STRCMP('test','test1'),'no','yes');
+---------------------------------------+
| IF(STRCMP('test','test1'),'no','yes') |
+---------------------------------------+
| no                                    |
+---------------------------------------+
1 row in set (0.00 sec)

```
如果`expr2`或`expr3`中只有一个表达式是`NULL`值，则`IF()`函数的结果类型 为非`NULL`表达式的结果类型。

`expr1`必须作为一个整数值进行评估，也就是说，假如你正在验证浮点值或字符串值，那么应该使用比较运算进行检验。
```
mysql> SELECT IF(0.1,1,0);
+-------------+
| IF(0.1,1,0) |
+-------------+
|           1 |
+-------------+
1 row in set (0.00 sec)

mysql> SELECT IF(0.1<>0,1,0);
+----------------+
| IF(0.1<>0,1,0) |
+----------------+
|              1 |
+----------------+
1 row in set (0.00 sec)

```
观察并对比上述语句的返回结果，发现在上述的第一个例子中，`IF(0.1)`的返回值为`1`，原因是`IF(0.1)`检验为真。在第二个例子中，比较检验了原始浮点值，目的是为了了解是否其为非零值，对比的结果是`0.1`确实不等于`0`，那么第一个表达式的结果就是整数`1`，因此返回结果为`1`。

- `IFNULL(expr1,expr2)`

假如`expr1`不为`NULL`，则`IFNULL()`的返回值为 `expr1`；否则其返回值为`expr2`。`IFNULL()`的返回值是否为数字或是字符串，具体情况取决于其所使用的语境。
```
mysql> SELECT IFNULL(1,0);
+-------------+
| IFNULL(1,0) |
+-------------+
|           1 |
+-------------+
1 row in set (0.00 sec)

mysql> SELECT IFNULL(NULL,10);
+-----------------+
| IFNULL(NULL,10) |
+-----------------+
|              10 |
+-----------------+
1 row in set (0.00 sec)

mysql> SELECT IFNULL(1/0,10);
+----------------+
| IFNULL(1/0,10) |
+----------------+
|        10.0000 |
+----------------+
1 row in set (0.01 sec)

```
`IFNULL(expr1,expr2)`的默认结果值为两个表达式中数据类型更加“通用”的一个，顺序为`STRING`、`REAL`或`INTEGER`。假设有一个表中含有该表达式，或MySQL必须在内存储器中储存`IFNULL()`的返回值到一个临时表中：
```
CREATE TABLE tmp SELECT IFNULL(1,'test') AS test；
DESCRIBE tmp;
```
在这个例子中，测试列的类型为字符串类型`CHAR(4)`。

- `NULLIF(expr1,expr2)`

如果`expr1 = expr2`成立，那么返回值为`NULL`，否则返回值为`expr1`。这和`CASE WHEN expr1 = expr2 THEN NULL ELSE expr1 END`语句的原理相同。
```
mysql> SELECT NULLIF(1,1);
+-------------+
| NULLIF(1,1) |
+-------------+
|        NULL |
+-------------+
1 row in set (0.00 sec)

mysql> SELECT NULLIF(1,2);
+-------------+
| NULLIF(1,2) |
+-------------+
|           1 |
+-------------+
1 row in set (0.00 sec)

```
注意：如果参数不相等，则MySQL会评估`expr1`两次。

# 2. 字符串函数

如果字符串函数返回结果的长度大于`max_allowed_packet`系统变量的最大值时，字符串值函数的返回值为`NULL`。

对于在字符串上操作的函数，第一个位置的编号为 1。

- `ASCII(str)`

返回值为字符串`str`的最左字符的数值。假如`str`为空字符串，则返回值为 `0`。假如`str`为`NULL`，则返回值为`NULL`。`ASCII()`用于从`0`到`255`的 数值的字符。
```
mysql> SELECT ASCII('2');
+------------+
| ASCII('2') |
+------------+
|         50 |
+------------+
1 row in set (0.00 sec)

mysql> SELECT ASCII(2);
+----------+
| ASCII(2) |
+----------+
|       50 |
+----------+
1 row in set (0.01 sec)

mysql> SELECT ASCII('dx');
+-------------+
| ASCII('dx') |
+-------------+
|         100 |
+-------------+
1 row in set (0.00 sec)
```
更多疑问见[ORD()](https://dev.mysql.com/doc/refman/5.7/en/string-functions.html#function_ord)函数。

- `BIN(N)`

返回值为`N`的二进制值的字符串表示，其中`N`为一个`longlong (BIGINT)`型数字。等同于[CONV(N,10,2)](https://dev.mysql.com/doc/refman/5.7/en/mathematical-functions.html#function_conv)。假如`N`为`NULL`，则返回值为`NULL`。
```
mysql> SELECT BIN(12);
+---------+
| BIN(12) |
+---------+
| 1100    |
+---------+
1 row in set (0.07 sec)

```

- `BIT_LENGTH(str)`

返回值为二进制的字符串`str`长度。
```
mysql> SELECT BIT_LENGTH('text');
+--------------------+
| BIT_LENGTH('text') |
+--------------------+
|                 32 |
+--------------------+
1 row in set (0.00 sec)
```
- `CHAR(N,... [USING charset])`

`CHAR()`将每个参数`N`理解为一个整数，其返回值为一个由这些参数转换为字符后组成的字符串。其中`NULL`值被省略。
```
mysql> SELECT CHAR(77,121,83,81,'76');
+-------------------------+
| CHAR(77,121,83,81,'76') |
+-------------------------+
| MySQL                   |
+-------------------------+
1 row in set (0.00 sec)

mysql> SELECT CHAR(77,77.3,'77.3');
+----------------------+
| CHAR(77,77.3,'77.3') |
+----------------------+
| MMM                  |
+----------------------+
1 row in set, 1 warning (0.01 sec)

```
大于`255`的`CHAR()`参数被转换为多个字符。 例如，`CHAR(256)`相当于` CHAR(1,0)`, 而`CHAR(256*256)`则相当于`CHAR(1,0,0)`：
```
mysql> SELECT HEX(CHAR(1,0)), HEX(CHAR(256));
+----------------+----------------+
| HEX(CHAR(1,0)) | HEX(CHAR(256)) |
+----------------+----------------+
| 0100           | 0100           |
+----------------+----------------+
1 row in set (0.00 sec)

mysql> SELECT HEX(CHAR(1,0,0)), HEX(CHAR(256*256));
+------------------+--------------------+
| HEX(CHAR(1,0,0)) | HEX(CHAR(256*256)) |
+------------------+--------------------+
| 010000           | 010000             |
+------------------+--------------------+
1 row in set (0.00 sec)

```
`CHAR()`的返回值为一个二进制字符串。可选择使用USING语句产生一个给定的字符集中的字符串：
```
mysql> SELECT CHARSET(CHAR(0x65)), CHARSET(CHAR(0x65 USING utf8));
+---------------------+--------------------------------+
| CHARSET(CHAR(0x65)) | CHARSET(CHAR(0x65 USING utf8)) |
+---------------------+--------------------------------+
| binary              | utf8                           |
+---------------------+--------------------------------+
1 row in set (0.04 sec)

mysql> SELECT CHARSET(CHAR(0x65)), CHARSET(CHAR(0x65 USING utf8));
+---------------------+--------------------------------+
| CHARSET(CHAR(0x65)) | CHARSET(CHAR(0x65 USING utf8)) |
+---------------------+--------------------------------+
| binary              | utf8                           |
+---------------------+--------------------------------+
1 row in set (0.00 sec)

```
如果`USING`已经被给定，而结果字符串不符合给出的字符集，则会发出警告。同样，如果严格的SQL模式被激活，则`CHAR()`的结果会是`NULL`。

- `CHAR_LENGTH(str)`

返回值为字符串`str`的长度，长度单位为字符，一个多字节字符算作一个单字符。对于一个包含五个二字节字符集,`LENGTH()`返回值为`10`,而`CHAR_LENGTH()`的返回值为`5`。

- `CHARACTER_LENGTH(str)`

`CHARACTER_LENGTH()`等价于`CHAR_LENGTH()`。

- `CONCAT(str1,str2,...)`

返回结果为连接参数产生的字符串。如有任何一个参数为`NULL`，则返回值为 `NULL`。 如果所有参数均为非二进制字符串，则结果为非二进制字符串。 如果自变量中含有任意一个二进制字符串，则结果为一个二进制字符串。一个数字参数将被转化为与之相等的二进制字符串格式；若要避免这种情况，可使用显式类型`cast`转换, 例如：
```
SELECT CONCAT(CAST(int_col AS CHAR), char_col)
```

```
mysql> SELECT CONCAT('My', 'S', 'QL');
+-------------------------+
| CONCAT('My', 'S', 'QL') |
+-------------------------+
| MySQL                   |
+-------------------------+
1 row in set (0.00 sec)

mysql> SELECT CONCAT('My', NULL, 'QL');
+--------------------------+
| CONCAT('My', NULL, 'QL') |
+--------------------------+
| NULL                     |
+--------------------------+
1 row in set (0.00 sec)

mysql> SELECT CONCAT(14.3);
+--------------+
| CONCAT(14.3) |
+--------------+
| 14.3         |
+--------------+
1 row in set (0.00 sec)

```
- `CONCAT_WS(separator,str1,str2,...)`

`CONCAT_WS()`代表`CONCAT With Separator`（使用分隔符连接），是`CONCAT()`的特殊形式。 第一个参数是其它参数的分隔符。分隔符的位置放在要连接的两个字符串之间。分隔符可以是一个字符串，也可以是其它参数。如果分隔符为 `NULL`，则结果为`NULL`。函数会忽略任何分隔符参数后的`NULL`值。
```
mysql> SELECT CONCAT_WS(',','First name','Second name','Last Name');
+-------------------------------------------------------+
| CONCAT_WS(',','First name','Second name','Last Name') |
+-------------------------------------------------------+
| First name,Second name,Last Name                      |
+-------------------------------------------------------+
1 row in set (0.06 sec)

mysql> SELECT CONCAT_WS(',','First name',NULL,'Last Name');
+----------------------------------------------+
| CONCAT_WS(',','First name',NULL,'Last Name') |
+----------------------------------------------+
| First name,Last Name                         |
+----------------------------------------------+
1 row in set (0.00 sec)

```

`CONCAT_WS()`不会忽略任何空字符串。 (然而会忽略所有的`NULL`）。

- `ELT(N,str1,str2,str3,...)`

若`N = 1`，则返回值为`str1`，若`N = 2`，则返回值为`tr2`，以此类推。 若N小于1或大于参数的数目，则返回值为`NULL`（突然觉得这个函数好神奇）。
```
mysql> SELECT ELT(1, 'ej', 'Heja', 'hej', 'foo');
+------------------------------------+
| ELT(1, 'ej', 'Heja', 'hej', 'foo') |
+------------------------------------+
| ej                                 |
+------------------------------------+
1 row in set (0.00 sec)


mysql> SELECT ELT(4, 'ej', 'Heja', 'hej', 'foo');
+------------------------------------+
| ELT(4, 'ej', 'Heja', 'hej', 'foo') |
+------------------------------------+
| foo                                |
+------------------------------------+
1 row in set (0.00 sec)

```
- `EXPORT_SET(bits,on,off[,separator[,number_of_bits]])`

返回值为字符串。`bits`中的比特值按照从右到左的顺序接受检验 (低位比特到高位比特的顺序)。字符串被分隔字符串分开(默认为逗号',')，按照从左到右的顺序被添加到结果中。其中`number_of_bits`会给出被检验的二进制位数 (默认为`64`)。
```
mysql> SELECT EXPORT_SET(5,'Y','N',',',4);
+-----------------------------+
| EXPORT_SET(5,'Y','N',',',4) |
+-----------------------------+
| Y,N,Y,N                     |
+-----------------------------+
1 row in set (0.01 sec)

mysql> SELECT EXPORT_SET(6,'1','0',',',10);
+------------------------------+
| EXPORT_SET(6,'1','0',',',10) |
+------------------------------+
| 0,1,1,0,0,0,0,0,0,0          |
+------------------------------+
1 row in set (0.00 sec)

```
- `FIELD(str,str1,str2,str3,...)`

返回值为`str1, str2,str3,……`列表中的`str`所在位置。在找不到`str`的情况下，返回值为`0`。如果所有`FIELD()`的参数均为字符串，则所有参数均按照字符串进行比较。如果所有的参数均为数字，则按照数字进行比较。否则，参数按照双精度类型进行比较。如果`str`为`NULL`值，则返回值为`0`，原因是`NULL`不能同任何值进行同等比较。
```
mysql> SELECT FIELD('ej', 'Hej', 'ej', 'Heja', 'hej', 'foo');
+------------------------------------------------+
| FIELD('ej', 'Hej', 'ej', 'Heja', 'hej', 'foo') |
+------------------------------------------------+
|                                              2 |
+------------------------------------------------+
1 row in set (0.00 sec)

mysql> SELECT FIELD('fo', 'Hej', 'ej', 'Heja', 'hej', 'foo');
+------------------------------------------------+
| FIELD('fo', 'Hej', 'ej', 'Heja', 'hej', 'foo') |
+------------------------------------------------+
|                                              0 |
+------------------------------------------------+
1 row in set (0.00 sec)

```

-  `FIND_IN_SET(str,strlist)`

假如字符串`str`在由`N`子字符串组成的字符串列表`strlist`中，则返回值的范围在`1`到`N`之间。一个字符串列表就是一个由一些被`‘,’`符号分开的子字符串组成的字符串。如果第一个参数是一个常数字符串，而第二个是SET类型的数据，则`FIND_IN_SET()`函数将被使用比特计算优化。如果`str`不在`strlist`或`strlist`为空字符串，则返回值为`0`。如果任意一个参数为`NULL`，则返回值为`NULL`。 该函数在第一个参数就包含逗号(‘,’)时将无法正常运行。
```
mysql> SELECT FIND_IN_SET('b','a,b,c,d');
+----------------------------+
| FIND_IN_SET('b','a,b,c,d') |
+----------------------------+
|                          2 |
+----------------------------+
1 row in set (0.00 sec)

```

- `FORMAT(X,D)`

将数字`X`的格式设置为'#,###,###.##',以四舍五入的方式保留到小数点后`D`位, 返回结果为一个字符串。

- `HEX(N_or_S)`

如果`N_OR_S`是一个数字，则返回一个十六进制值`N`的字符串表示，其中，`N`是一个`longlong`（也就是`BIGINT`）类型的数。如果`N_OR_S`是一个字符串，则返回值为一个`N_OR_S`的十六进制字符串表示，其中字符串`N_OR_S` 里的每个字符都被转化为两个十六进制数字。

```
mysql> SELECT HEX(255);
+----------+
| HEX(255) |
+----------+
| FF       |
+----------+
1 row in set (0.00 sec)

mysql> SELECT 0x616263;
+----------+
| 0x616263 |
+----------+
| abc      |
+----------+
1 row in set (0.00 sec);

mysql> SELECT HEX('abc');
+------------+
| HEX('abc') |
+------------+
| 616263     |
+------------+
1 row in set (0.00 sec)

```
- `INSERT(str,pos,len,newstr)`

返回字符串`str`中起始于`pos`位置被字符串`newstr`替换长度为`len` 后的字符串。如果`pos`不在字符串长度范围内，则返回值为原始字符串。 假如`len`的长度大于剩下的字符串的长度，则从位置`pos`开始替换。若任何一个参数为`null`，则返回值为`NULL`。
```
mysql> SELECT INSERT('Quadratic', 3, 4, 'What');
+-----------------------------------+
| INSERT('Quadratic', 3, 4, 'What') |
+-----------------------------------+
| QuWhattic                         |
+-----------------------------------+
1 row in set (0.00 sec)

mysql> SELECT INSERT('Quadratic', -1, 4, 'What');
+------------------------------------+
| INSERT('Quadratic', -1, 4, 'What') |
+------------------------------------+
| Quadratic                          |
+------------------------------------+
1 row in set (0.00 sec)

mysql> SELECT INSERT('Quadratic', 3, 100, 'What');
+-------------------------------------+
| INSERT('Quadratic', 3, 100, 'What') |
+-------------------------------------+
| QuWhat                              |
+-------------------------------------+
1 row in set (0.00 sec)

```
- `INSTR(str,substr)`

返回字符串`str`中子字符串`substr`第一次出现的位置。
```
mysql>  SELECT INSTR('foobarbar', 'bar');
+---------------------------+
| INSTR('foobarbar', 'bar') |
+---------------------------+
|                         4 |
+---------------------------+
1 row in set (0.00 sec)

mysql> SELECT INSTR('xbar', 'foobar');
+-------------------------+
| INSTR('xbar', 'foobar') |
+-------------------------+
|                       0 |
+-------------------------+
1 row in set (0.00 sec)

```
- `LEFT(str,len)`

返回从字符串`str`左边数前`len`个字符。
```
mysql> SELECT LEFT('foobarbar', 5);
+----------------------+
| LEFT('foobarbar', 5) |
+----------------------+
| fooba                |
+----------------------+
1 row in set (0.00 sec)

```
- `LENGTH(str)`

返回值为字符串`str`的长度，单位为字节。对于一个包含5个2字节字符的字符串，`LENGTH()`的返回值为`10`,而`CHAR_LENGTH()`的返回值则为`5`。
```
mysql> SELECT LENGTH('text');
+----------------+
| LENGTH('text') |
+----------------+
|              4 |
+----------------+
1 row in set (0.01 sec)

```
- `LOAD_FILE(file_name)`

读取文件并将这一文件按照字符串的格式返回。文件的位置必须在服务器上,你必须为文件制定路径全名，而且你还必须拥有`FILE`权限。文件必须可读，文件容量必须小于`max_allowed_packet`字节。若文件不存在，或因不满足上述条件而不能被读取，函数返回值为` NULL`。
```
mysql> UPDATE tbl_name
 -> SET blob_column=LOAD_FILE('/tmp/picture')
 -> WHERE id=1;
```
- `LOCATE(substr,str)`

`LOCATE(substr,str,pos)`在没有参数pos时，返回为字符串`str`中子字符串`substr`的第一次出现的位置。反之，返回字符串`str`中以起始位置为`pos`开始的子字符串substr的第一次出现的位置。如若`substr`不在`str`中，则返回值为`0`。
```
mysql> SELECT LOCATE('bar', 'foobarbar');
+----------------------------+
| LOCATE('bar', 'foobarbar') |
+----------------------------+
|                          4 |
+----------------------------+
1 row in set (0.00 sec)

mysql> SELECT LOCATE('xbar', 'foobar');
+--------------------------+
| LOCATE('xbar', 'foobar') |
+--------------------------+
|                        0 |
+--------------------------+
1 row in set (0.00 sec)

mysql> SELECT LOCATE('bar', 'foobarbar',5);
+------------------------------+
| LOCATE('bar', 'foobarbar',5) |
+------------------------------+
|                            7 |
+------------------------------+
1 row in set (0.00 sec)

```
- `LOWER(str)`

返回字符串`str`根据最新的字符集(默认为`cp1252 Latin1`)映射表转换为小写字母的字符 。
```
mysql> SELECT LOWER('QUADRATICALLY');
+------------------------+
| LOWER('QUADRATICALLY') |
+------------------------+
| quadratically          |
+------------------------+
1 row in set (0.00 sec)

```
- `LPAD(str,len,padstr)`

返回字符串`str`的左边由字符串`padstr`填补到`len`字符长度后的字符串。假如`str`的长度大于`len`, 则返回值从右边开始被缩短至`len`字符。
```
mysql> SELECT LPAD('hi',4,'??');
+-------------------+
| LPAD('hi',4,'??') |
+-------------------+
| ??hi              |
+-------------------+
1 row in set (0.00 sec)

mysql> SELECT LPAD('hi',1,'??');
+-------------------+
| LPAD('hi',1,'??') |
+-------------------+
| h                 |
+-------------------+
1 row in set (0.00 sec)

```
- `LTRIM(str)`

返回删除左侧空格后的字符串`str`。
```
mysql> SELECT LTRIM('  barbar');
+-------------------+
| LTRIM('  barbar') |
+-------------------+
| barbar            |
+-------------------+
1 row in set (0.02 sec)

```
- `MAKE_SET(bits,str1,str2,...)`

返回一个（一个包含被‘,’号分开的字符串）由在bits集合中具有相应的比特的字符串组成的设定值。`str1`对应比特0,`str2`对应比特1,以此类推。str1, str2,...中的`NULL`值不会被添加到返回结果中。
```
mysql>  SELECT MAKE_SET(1,'a','b','c');
+-------------------------+
| MAKE_SET(1,'a','b','c') |
+-------------------------+
| a                       |
+-------------------------+
1 row in set (0.00 sec)

mysql> SELECT MAKE_SET(1 | 4,'hello','nice','world');
+----------------------------------------+
| MAKE_SET(1 | 4,'hello','nice','world') |
+----------------------------------------+
| hello,world                            |
+----------------------------------------+
1 row in set (0.01 sec)

mysql> SELECT MAKE_SET(1 | 4,'hello','nice',NULL,'world');
+---------------------------------------------+
| MAKE_SET(1 | 4,'hello','nice',NULL,'world') |
+---------------------------------------------+
| hello                                       |
+---------------------------------------------+
1 row in set (0.00 sec)

mysql> SELECT MAKE_SET(0,'a','b','c');
+-------------------------+
| MAKE_SET(0,'a','b','c') |
+-------------------------+
|                         |
+-------------------------+
1 row in set (0.00 sec)

```
- `OCT(N)`

返回`N`的八进制值的字符串表示，其中`N`是一个`longlong(BIGINT)`数。若`N`为`NULL`，则返回值为`NULL`。
```
mysql>  SELECT OCT(12);
+---------+
| OCT(12) |
+---------+
| 14      |
+---------+
1 row in set (0.00 sec)

```
`OCTET_LENGTH(str) OCTET_LENGTH()`等价于`LENGTH()`。

- `ORD(str)`

若字符串str的最左边的字符是一个多字节字符，则返回该字符的代码，代码的计算通过使用以下公式计算其组成字节的数值而得出：
```
(1st byte code)+(2nd byte code × 256)+(3rd byte code × 256 × 256) ...
```
如果最左边的字符不是一个多字节字符，那么`ORD()`和函数`ASCII()`返回相同的值。
```
mysql> SELECT ORD('2');
+----------+
| ORD('2') |
+----------+
|       50 |
+----------+
1 row in set (0.00 sec)

```
- `QUOTE(str)`通过引用字符串`str`，产生一个在`SQL`语句中可用作完全转义数据值的结果。返回的字符串由单引号标注，每例都带有单引号(')、反斜线符号(\)、`ASCII NUL`以及前面有反斜线符号的`Control-Z`。如果自变量的值为`NUL`L,则返回不带单引号的单词`NULL`。
```
mysql> SELECT QUOTE('Don\'t!');
+------------------+
| QUOTE('Don\'t!') |
+------------------+
| 'Don\'t!'        |
+------------------+
1 row in set (0.00 sec)

mysql> SELECT QUOTE(NULL);
+-------------+
| QUOTE(NULL) |
+-------------+
| NULL        |
+-------------+
1 row in set (0.00 sec)
```
- `REPEAT(str,count)`

返回一个由重复的字符串`str`组成的字符串，字符串`str`重复的数目为`count`。若`count <= 0`,则返回一个空字符串。若`str`或`count`为`NULL`，则返回`NULL`。
```
mysql> SELECT REPEAT('MySQL', 3);
+--------------------+
| REPEAT('MySQL', 3) |
+--------------------+
| MySQLMySQLMySQL    |
+--------------------+
1 row in set (0.00 sec)

```
- `REPLACE(str,from_str,to_str)`

返回所有被字符串`to_str`替代成字符串`from_str`后的`str`。
```
mysql> SELECT REPLACE('www.github.com', 'w', 'Ww');
+--------------------------------------+
| REPLACE('www.github.com', 'w', 'Ww') |
+--------------------------------------+
| WwWwWw.github.com                    |
+--------------------------------------+
1 row in set (0.00 sec)

```
- `REVERSE(str)`

返回和字符正常顺序相反的str。
```
mysql> SELECT REVERSE('abc');
+----------------+
| REVERSE('abc') |
+----------------+
| cba            |
+----------------+
1 row in set (0.00 sec)
```
- `RIGHT(str,len)`

返回`str`中从最右开始数`len`个字符。
```
mysql> SELECT RIGHT('foobarbar', 4);
+-----------------------+
| RIGHT('foobarbar', 4) |
+-----------------------+
| rbar                  |
+-----------------------+
1 row in set (0.00 sec)

```
- `SOUNDEX(str)`

`str`返回一个`soundex`字符串。 两个具有几乎同样发音的字符串应该具有同样的`soundex`字符串。一个标准的`soundex`字符串的长度为4个字符，然而SOUNDEX()函数会返回一个任意长度的字符串。可使用`SUBSTRING()`来得到一个标准`soundex `字符串结果。在`str`中，会忽略所有未按照字母顺序排列的字符。所有不在A-Z范围之内的国际字母符号被视为元音字母。
```
mysql> SELECT SOUNDEX('Hello');
+------------------+
| SOUNDEX('Hello') |
+------------------+
| H400             |
+------------------+
1 row in set (0.00 sec)

mysql> SELECT SOUNDEX('Quadratically');
+--------------------------+
| SOUNDEX('Quadratically') |
+--------------------------+
| Q36324                   |
+--------------------------+
1 row in set (0.00 sec)

```
注意：这个函数执行原始的`Soundex`算法，而非更加流行的加强版本算法。其区别在于原始版本首先会删去元音，其次是去除重复字符，而加强版则首先删去重复字符，而后删去元音字符。
```
SUBSTRING(str,pos) , SUBSTRING(str FROM pos) SUBSTRING(str,pos,len) , SUBSTRING(str FROM pos FOR len)
```
不带有`len`参数的情况，返回一个起始于位置`pos`的子字符串；带有`len`参数的情况，返回一个起始于位置 `pos`长度同`len`相同的子字符串；使用 `FROM` 的格式为标准SQL语法；也可能对pos使用一个负值，假若这样，则子字符串的位置起始于字符串结尾的第`pos`个字符，而不是字符串的开头位置。请输入以下语句检验该函数的结果：
```
mysql> SELECT SUBSTRING('Quadratically',5);
+------------------------------+
| SUBSTRING('Quadratically',5) |
+------------------------------+
| ratically                    |
+------------------------------+
1 row in set (0.00 sec)

mysql> SELECT SUBSTRING('foobarbar' FROM 4);
+-------------------------------+
| SUBSTRING('foobarbar' FROM 4) |
+-------------------------------+
| barbar                        |
+-------------------------------+
1 row in set (0.00 sec)

mysql> SELECT SUBSTRING('Quadratically',5,6);
+--------------------------------+
| SUBSTRING('Quadratically',5,6) |
+--------------------------------+
| ratica                         |
+--------------------------------+
1 row in set (0.00 sec);

mysql> SELECT SUBSTRING('Sakila', -3);
+-------------------------+
| SUBSTRING('Sakila', -3) |
+-------------------------+
| ila                     |
+-------------------------+
1 row in set (0.00 sec)

mysql> SELECT SUBSTRING('Sakila', -5, 3);
+----------------------------+
| SUBSTRING('Sakila', -5, 3) |
+----------------------------+
| aki                        |
+----------------------------+
1 row in set (0.00 sec)

mysql> SELECT SUBSTRING('Sakila' FROM -4 FOR 2);
+-----------------------------------+
| SUBSTRING('Sakila' FROM -4 FOR 2) |
+-----------------------------------+
| ki                                |
+-----------------------------------+
1 row in set (0.00 sec)

```
注意：如果len使用的是一个小于1的值，则结果始终为空字符串。

- `SUBSTRING_INDEX(str,delim,count)`

若`count`为正值，则返回`str`中第count个定界符delim(从左边开始)左边的一切内容。若count为负值，则返回定界符（从右边开始）右边的一切内容。
```
mysql> SELECT SUBSTRING_INDEX('www.github.com', '.', 2);
+-------------------------------------------+
| SUBSTRING_INDEX('www.github.com', '.', 2) |
+-------------------------------------------+
| www.github                                |
+-------------------------------------------+
1 row in set (0.00 sec)

mysql> SELECT SUBSTRING_INDEX('www.LzyRapx.com', '.', -2);
+---------------------------------------------+
| SUBSTRING_INDEX('www.LzyRapx.com', '.', -2) |
+---------------------------------------------+
| LzyRapx.com                                 |
+---------------------------------------------+
1 row in set (0.00 sec)

```
- `TRIM([{BOTH | LEADING | TRAILING} [remstr] FROM] str) TRIM(remstr FROM] str)`

返回字符串`str`，其中所有`remstr`前缀或后缀都已被删除。若分类符`BOTH`、`LEADING`或`TRAILING`中没有一个被指定，则假设为`BOTH`。`remstr`为可选项，在未指定情况下，删除空格。
```
mysql> SELECT TRIM('  bar   ');
+------------------+
| TRIM('  bar   ') |
+------------------+
| bar              |
+------------------+
1 row in set (0.00 sec)

mysql> SELECT TRIM(LEADING 'x' FROM 'xxxbarxxx');
+------------------------------------+
| TRIM(LEADING 'x' FROM 'xxxbarxxx') |
+------------------------------------+
| barxxx                             |
+------------------------------------+
1 row in set (0.00 sec)

mysql> SELECT TRIM(BOTH 'x' FROM 'xxxbarxxx');
+---------------------------------+
| TRIM(BOTH 'x' FROM 'xxxbarxxx') |
+---------------------------------+
| bar                             |
+---------------------------------+
1 row in set (0.00 sec)

mysql> SELECT TRIM(TRAILING 'xyz' FROM 'barxxyz');
+-------------------------------------+
| TRIM(TRAILING 'xyz' FROM 'barxxyz') |
+-------------------------------------+
| barx                                |
+-------------------------------------+
1 row in set (0.00 sec)

```
