# 1. 数学函数
若发生错误，所有数学函数会返回`NULL`。

- `ABS(X)`

返回X的绝对值。
```
mysql> SELECT ABS(2);

mysql> SELECT ABS(-32);
```
该函数支持使用`BIGINT`值。

- `ACOS(X)`

返回`X` 的反余弦, 即余弦是 `X` 的值。若`X`不在`-1`到`1`的范围之内，则返回`NULL`。
```
mysql> SELECT ACOS(1);

mysql> SELECT ACOS(1.0001);
+--------------+
| ACOS(1.0001) |
+--------------+
|         NULL |
+--------------+
1 row in set (0.00 sec)

mysql> SELECT ACOS(0);
```
ATAN(Y,X) , ATAN2(Y,X)

返回两个变量`X`及`Y`的反正切。
```
mysql> SELECT ATAN(-2,2);

mysql> SELECT ATAN2(PI(),0);
+--------------------+
| ATAN2(PI(),0)      |
+--------------------+
| 1.5707963267948966 |
+--------------------+
1 row in set (0.06 sec)

```
- `CEILING(X),CEIL(X)`

返回不小于`X`的最小整数值。
```
mysql> SELECT CEILING(1.23);

mysql> SELECT CEIL(-1.23);
```
- `CRC32(expr)`

计算循环冗余码校验值并返回一个32位无符号值。若参数为`NULL`，则结果为`NULL`。该参数应为一个字符串，而且在不是字符串的情况下会被作为字符串处理（如果必要的话）。
```
mysql> SELECT CRC32('MySQL');

mysql> SELECT CRC32('mysql');
```
- `DEGREES(X)`

返回参数`X`由弧度被转化为度以后的值。
```
mysql> SELECT DEGREES(PI());
+---------------+
| DEGREES(PI()) |
+---------------+
|           180 |
+---------------+
1 row in set (0.00 sec)

mysql> SELECT DEGREES(PI() / 2);
```
- `EXP(X)` 返回`e`（自然对数的底）的`X`乘方后的值。
```
mysql> SELECT EXP(2);

mysql> SELECT EXP(-2);

mysql> SELECT EXP(0);
```
- `FLOOR(X)`

返回不大于`X`的最大整数值 。
```
mysql> SELECT FLOOR(1.23);

mysql> SELECT FLOOR(-1.23);
```
- `FORMAT(X,D)`

将数字`X`的格式写成'#,###,###.##'格式，且保留小数点后D位，而第D位的保留方式为四舍五入，然后将结果以字符串的形式返回。

- `LN(X)`

返回`X`的自然对数，即`X`相对于基数`e`的对数。
```
mysql> SELECT LN(2);

mysql> SELECT LN(-2);
```
该函数同`LOG(X)`具有相同意义。

- `LOG(X),LOG(B,X)`

若只用一个参数调用，该函数就会返回`X`的自然对数。
```
mysql> SELECT LOG(2);

mysql> SELECT LOG(-2);
```
若用两个参数进行调用，该函数会返回`X`对于任意基数B的对数。
```
mysql> SELECT LOG(2,65536);

mysql> SELECT LOG(10,100);
```
`LOG(B,X)`就相当于`LOG(X) / LOG(B)`。

- `LOG2(X)`

返回`X`的基数为`2`的对数。
```
mysql> SELECT LOG2(65536);

mysql> SELECT LOG2(-100);
```
要想查出存储一个数字需要多少个比特，`LOG2()`函数会非常有效。这个函数相当于表达式`LOG(X) / LOG(2)`。

- `MOD(N,M) , N % M N MOD M`

模操作。返回`N`被`M`除后的余数。
```
mysql> SELECT MOD(234, 10);

mysql> SELECT 253 % 7;

mysql> SELECT MOD(29,9);
+-----------+
| MOD(29,9) |
+-----------+
|         2 |
+-----------+
1 row in set (0.00 sec)

mysql> SELECT 29 MOD 9;
```
`MOD()`对于带有小数部分的数值也起作用，它返回除法运算后的精确余数：
```
mysql> SELECT MOD(34.5,3);
+-------------+
| MOD(34.5,3) |
+-------------+
|         1.5 |
+-------------+
1 row in set (0.00 sec)

```

- `PI()`

返回`ϖ(pi)`的值。默认的显示小数位数是7位，但是MySQL内部可以使用完全双精度值。
```
mysql> SELECT PI();

mysql> SELECT PI()+0.000000000000000000;
```

- `POW(X,Y) , POWER(X,Y)`

返回`X`的`Y`乘方的结果值。

```
mysql> SELECT POW(2,2);

mysql> SELECT POW(2,-2);
```

- `RADIANS(X)`

返回由度转化为弧度的参数X, (注意ϖ弧度等于180度）。
```
mysql> SELECT RADIANS(90);
```
- `RAND()`

`RAND(N)`返回一个范围在`0`到`1之`间（即范围为 0 ≤ v ≤1.0）的随机浮点值v。若已指定一个整数参数N，则该参数将被用作种子值，用来产生重复序列。
```
mysql>  SELECT RAND();
+--------------------+
| RAND()             |
+--------------------+
| 0.5201113955305064 |
+--------------------+
1 row in set (0.00 sec)

mysql> SELECT RAND();
+---------------------+
| RAND()              |
+---------------------+
| 0.11051044995944058 |
+---------------------+
1 row in set (0.00 sec)

mysql> SELECT RAND(20);
+---------------------+
| RAND(20)            |
+---------------------+
| 0.15888261251047497 |
+---------------------+
1 row in set (0.00 sec)

mysql> SELECT RAND(20);
+---------------------+
| RAND(20)            |
+---------------------+
| 0.15888261251047497 |
+---------------------+
1 row in set (0.00 sec)

mysql> SELECT RAND();
```
若要在`i ≤ R ≤ j`这个范围得到一个随机整数`R`，需要用到表达式`FLOOR(i + RAND() * (j – i + 1))`。例如， 若要在`7`到 `12` 的范围（包括`7`和`12`）内得到一个随机整数, 可使用以下语句：
```
mysql> SELECT FLOOR(7 + (RAND() * 6));
+-------------------------+
| FLOOR(7 + (RAND() * 6)) |
+-------------------------+
|                      12 |
+-------------------------+
1 row in set (0.00 sec)

```
在`ORDER BY`语句中，不能使用一个带有`RAND()`值的列，原因是 `ORDER BY`会计算列中的重复数值。但是也可按照如下的随机顺序检索数据行：
```
mysql> SELECT * FROM tbl_name ORDER BY RAND();
```
`ORDER BY RAND()`同`LIMIT`的结合可以有效的从一组列中选择随机样本：
```
mysql> SELECT * FROM table1, table2 WHERE a=b AND c<d
 -> ORDER BY RAND() LIMIT 1000;
```
注意：在`WHERE`语句中，`WHERE`每执行一次，`RAND()`就会被再执行一次。

`RAND()`的作用不是作为一个精确的随机发生器，而是一种用来发生在同样的MySQL版本的平台之间的可移动ad hoc随机数的快速方式。
```
ROUND(X),ROUND(X,D)
```
返回与参数X最接近的整数。在有两个参数的情况下，返回保留到小数点后`D`位的`X`，而第`D`位的保留方式为四舍五入。若要返回保留`X`值小数点左边的`D`位，可将`D`设为负值。
```
mysql> SELECT ROUND(-1.23);

mysql> SELECT ROUND(-1.58);

mysql> SELECT ROUND(1.58);

mysql> SELECT ROUND(1.298, 1);

mysql> SELECT ROUND(1.298, 0);

mysql> SELECT ROUND(23.298, -1);
```
返回值的类型同第一个参数类型相同(假设它是一个整数、双精度数或小数)。这意味着对于一个整数参数,结果也是一个整数(无小数部分)。

`ROUND()`在以下情况下依赖于第一个参数的类型：

对于准确值数字，`ROUND()`使用“四舍五入” 或“舍入成最接近的数” 的规则：对于一个分数部分为`.5`或大于` .5`的值，正数则上舍入到邻近的整数值，负数则下舍入临近的整数值。(换言之,其舍入的方向是数轴上远离零的方向）。对于一个分数部分小于`.5`的值，正数则下舍入下一个整数值，负数则下舍入邻近的整数值，而正数则上舍入邻近的整数值。
对于近似值数字，其结果根据 C 库而定。在很多系统中，这意味着ROUND()的使用遵循“舍入成最接近的偶数”的规则： 一个带有任何小数部分的值会被舍入成最接近的偶数。 以下举例说明舍入法对于精确值和近似值的不同之处：
```
mysql> SELECT ROUND(2.5), ROUND(25E-1);
```
- `SIGN(X)`

返回参数`X`的符号，该符号取决于`X` 的值是否为负、零或正。
```
mysql> SELECT SIGN(-32);

mysql> SELECT SIGN(0);

mysql> SELECT SIGN(234);
```
- `SQRT(X)`

返回非负数`X`的二次方根。
```
mysql> SELECT SQRT(4);

mysql> SELECT SQRT(-16);
```
# 2.日期和时间函数

- `ADDDATE(date,INTERVAL expr type),ADDDATE(expr,days)`

当被第二个参数`INTERVAL`被设置后，`ADDDATE()`就是等价于`DATE_ADD()`。
```
mysql> SELECT DATE_ADD('1998-01-02', INTERVAL 31 DAY);
+-----------------------------------------+
| DATE_ADD('1998-01-02', INTERVAL 31 DAY) |
+-----------------------------------------+
| 1998-02-02                              |
+-----------------------------------------+
1 row in set (0.00 sec)

mysql> SELECT ADDDATE('1998-01-02', INTERVAL 31 DAY);
+----------------------------------------+
| ADDDATE('1998-01-02', INTERVAL 31 DAY) |
+----------------------------------------+
| 1998-02-02                             |
+----------------------------------------+
1 row in set (0.00 sec)

```
若`days`参数只是整数值，则 `MySQL 5.1`将其作为天数值添加至`expr`。
```
mysql> SELECT ADDDATE('1998-01-02', 31);
+---------------------------+
| ADDDATE('1998-01-02', 31) |
+---------------------------+
| 1998-02-02                |
+---------------------------+
1 row in set (0.00 sec)

```
- `ADDTIME(expr,expr2)`

`ADDTIME()`将`expr2`添加至`expr`然后再返回结果。`expr`是一个时间或日期表达式，而`expr2`是一个时间表达式。
```
mysql> SELECT ADDTIME('1997-12-31 23:59:59.999999',
    -> '1 1:1:1.000002');
+---------------------------------------------------------+
| ADDTIME('1997-12-31 23:59:59.999999',
'1 1:1:1.000002') |
+---------------------------------------------------------+
| 1998-01-02 01:01:01.000001                              |
+---------------------------------------------------------+
1 row in set (0.00 sec)

mysql> SELECT ADDTIME('01:00:00.999999', '02:00:00.999998');
+-----------------------------------------------+
| ADDTIME('01:00:00.999999', '02:00:00.999998') |
+-----------------------------------------------+
| 03:00:01.999997                               |
+-----------------------------------------------+
1 row in set (0.00 sec)

```

- `CONVERT_TZ(dt,from_tz,to_tz)`

`CONVERT_TZ()`将时间日期值`dt`从`from_tz`给出的时区转到`to_tz`给出的时区，然后返回结果值。在从`from_tz `到`UTC`的转化过程中，如果该值超出`TIMESTAMP`类型的被支持范围，那么转化不会发生。
```
mysql> SELECT CONVERT_TZ('2004-01-01 12:00:00','GMT','MET');
+-----------------------------------------------+
| CONVERT_TZ('2004-01-01 12:00:00','GMT','MET') |
+-----------------------------------------------+
| NULL                                          |
+-----------------------------------------------+
1 row in set (0.21 sec)

mysql> SELECT CONVERT_TZ('2004-01-01 12:00:00','+00:00','+10:00');
+-----------------------------------------------------+
| CONVERT_TZ('2004-01-01 12:00:00','+00:00','+10:00') |
+-----------------------------------------------------+
| 2004-01-01 22:00:00                                 |
+-----------------------------------------------------+
1 row in set (0.00 sec)

```
注释：若要使用诸如 `MET`或`Europe/Moscow`之类指定时间区，首先要设置正确的时区表。

- `CURDATE()`

将当前日期按照'YYYY-MM-DD'或YYYYMMDD格式返回，具体格式根据函数用在字符串或是数字语境中而定。
```
mysql> SELECT CURDATE();

mysql> SELECT CURDATE() + 0;
```
- `CURRENT_DATE,CURRENT_DATE()`

`CURRENT_DATE`等价于`CURRENT_DATE()`，`CURTIME()`将当前时间以'HH:MM:SS'或HHMMSS的格式返回， 具体格式根据函数用在字符串或是数字语境中而定。
```
mysql> SELECT CURTIME();

mysql> SELECT CURTIME() + 0;
```

- `DATEDIFF(expr,expr2)`

`DATEDIFF()`返回起始时间`expr`和结束时间`expr2`之间的天数。`Expr`和`expr2`为日期或`date-and-time `表达式。计算中只用到这些值的日期部分。
```
mysql>  SELECT DATEDIFF('1997-12-31 23:59:59','1997-12-30');
+----------------------------------------------+
| DATEDIFF('1997-12-31 23:59:59','1997-12-30') |
+----------------------------------------------+
|                                            1 |
+----------------------------------------------+
1 row in set (0.00 sec)

mysql> SELECT DATEDIFF('1997-11-30 23:59:59','1997-12-31');
```
- `DATE_ADD(date,INTERVAL expr type),DATE_SUB(date,INTERVAL expr type)`

这些函数执行日期运算。 `date`是一个`DATETIME`或`DATE`值，用来指定起始时间。`expr`是一个表达式，用来指定从起始日期添加或减去的时间间隔值。` Expr`是一个字符串;对于负值的时间间隔，它可以以一个'-'开头。 `type`为关键词，它指示了表达式被解释的方式。

关键词INTERVA及type分类符均不区分大小写。

MySQL 允许任何expr格式中的标点分隔符，表中所显示的是建议的分隔符。若date参数是一个DATE类型的值，那么计算只会包括YEAR、MONTH和DAY部分（即没有时间部分），其结果也是一个DATE类型的 值。否则，结果将是一个DATETIME类型值。

若位于另一端的表达式是一个日期或日期时间值 ， 则INTERVAL expr type只允许出现在+操作符的两端。对于 –操作符， INTERVAL expr type只允许在其右端，原因是从一个时间间隔中提取一个日期或日期时间值是毫无意义的(见下面的例子）。
```
 mysql> SELECT '1997-12-31 23:59:59' + INTERVAL 1 SECOND;

 mysql> SELECT INTERVAL 1 DAY + '1997-12-31';

 mysql> SELECT '1998-01-01' - INTERVAL 1 SECOND;

 mysql> SELECT DATE_ADD('1997-12-31 23:59:59',
     -> INTERVAL 1 SECOND);

 mysql> SELECT DATE_ADD('1997-12-31 23:59:59',
     -> INTERVAL 1 DAY);

 mysql> SELECT DATE_ADD('1997-12-31 23:59:59',
     -> INTERVAL '1:1' MINUTE_SECOND);

 mysql> SELECT DATE_SUB('1998-01-01 00:00:00',
     -> INTERVAL '1 1:1:1' DAY_SECOND);

 mysql> SELECT DATE_ADD('1998-01-01 00:00:00',
     -> INTERVAL '-1 10' DAY_HOUR);

 mysql> SELECT DATE_SUB('1998-01-02', INTERVAL 31 DAY);

 mysql> SELECT DATE_ADD('1992-12-31 23:59:59.000002',
     -> INTERVAL '1.999999' SECOND_MICROSECOND);
```
若你指定了一个过于短的时间间隔值（不包括`type`关键词所预期的所有时间间隔部分）， MySQL 会假定你已经省去了时间间隔值的最左部分。 例如，你指定了一种类型的`DAY_SECOND`，`expr`的值应当具有天、 小时、分钟和秒部分。若你指定了一个类似'1:10'的值, MySQL会假定天和小时部分不存在，那么这个值代表分和秒。

假如你对一个日期值添加或减去一些含有时间部分的内容，则结果自动转化为一个日期时间值：
```
 mysql> SELECT DATE_ADD('1999-01-01', INTERVAL 1 DAY);

 mysql> SELECT DATE_ADD('1999-01-01', INTERVAL 1 HOUR);
 ```
假如你使用了格式严重错误的日期，则结果为`NULL`。假如你添加了`MONTH`、`YEAR_MONTH`或`YEAR`，而结果日期中有一天的日期大于添加的月份的日期最大限度，则这个日期自动被调整为添加该月份的最大日期：
```
 mysql> SELECT DATE_ADD('1998-01-30', INTERVAL 1 MONTH);
```
- `DATE_FORMAT(date,format)`

根据`format` 字符串安排`date`值的格式。

注意： 字符`%`要求在格式指定符之前。

月份和日期说明符的范围从零开始，原因是 MySQL允许存储诸如 '2004-00-00'这样的的不完全日期.
```
mysql> SELECT DATE_FORMAT('1997-10-04 22:23:00', '%W %M %Y');

mysql> SELECT DATE_FORMAT('1997-10-04 22:23:00', '%H:%i:%s');
+------------------------------------------------+
| DATE_FORMAT('1997-10-04 22:23:00', '%H:%i:%s') |
+------------------------------------------------+
| 22:23:00                                       |
+------------------------------------------------+
1 row in set (0.00 sec)

mysql> SELECT DATE_FORMAT('1997-10-04 22:23:00',
 ->'%D %y %a %d %m %b %j');

mysql> SELECT DATE_FORMAT('1997-10-04 22:23:00',
 -> '%H %k %I %r %T %S %w');

mysql> SELECT DATE_FORMAT('1999-01-01', '%X %V');
```
- `DAYNAME(date)`

返回`date`对应的工作日名称。
```
mysql> SELECT DAYNAME('1998-02-05');
+-----------------------+
| DAYNAME('1998-02-05') |
+-----------------------+
| Thursday              |
+-----------------------+
1 row in set (0.05 sec)

```
- `EXTRACT(type FROM date)`

`EXTRACT()`函数所使用的时间间隔类型说明符同`DATE_ADD()`或`DATE_SUB()`的相同，但它从日期中提取其部分，而不是执行日期运算。
```
mysql> SELECT EXTRACT(YEAR FROM '1999-07-02');

mysql> SELECT EXTRACT(YEAR_MONTH FROM '1999-07-02 01:02:03');

mysql> SELECT EXTRACT(MICROSECOND
 -> FROM '2003-01-02 10:30:00.00123');
 ```
- `FROM_DAYS(N)`

给定一个天数`N`，返回一个`DATE`类型的值。
```
mysql> SELECT FROM_DAYS(729669);
```
注意：使用FROM_DAYS()处理古老日期时，务必谨慎。它并不用于处理阳历出现前的日期(1582)。详情请参考请MySQL使用什么日历？。

- `FROM_UNIXTIME(unix_timestamp) , FROM_UNIXTIME(unix_timestamp,format)`

返回'YYYY-MM-DD HH:MM:SS'或YYYYMMDDHHMMSS格式值的`unix_timestamp`参数表示，具体格式取决于该函数是否用在字符串中或是数字语境中。 若`format `已经给出，则结果的格式是根据`format `字符串而定。 `format `可以包含同`DATE_FORMAT()`函数输入项列表中相同的说明符。
```
mysql> SELECT FROM_UNIXTIME(875996580);

mysql> SELECT FROM_UNIXTIME(875996580) + 0;

mysql> SELECT FROM_UNIXTIME(UNIX_TIMESTAMP(),
 -> '%Y %D %M %h:%i:%s %x');
 ```
- `GET_FORMAT(DATE|TIME|DATETIME, 'EUR'|'USA'|'JIS'|'ISO'|'INTERNAL')`

返回一个格式字符串。该函数在同`DATE_FORMAT()`及`STR_TO_DATE()`函数结合时很有用。 第一个参数的3个可能值和第二个参数的5个可能值产生 15 个可能格式字符串 (对于使用的说明符，请参见`DATE_FORMAT()`函数说明表 )。

其中，`ISO `格式为`ISO 9075`， 而非`ISO 8601`。

`DATE_FORMAT()`函数的第一个参数也可以使用`TIMESTAMP`, 这时`GET_FORMAT()`的返回值和`DATETIME`相同。
```
mysql> SELECT DATE_FORMAT('2003-10-03',GET_FORMAT(DATE,'EUR'));

mysql> SELECT STR_TO_DATE('10.31.2003',GET_FORMAT(DATE,'USA'));
```
- `HOUR(time)`

返回`time`对应的小时数。对于日时值的返回值范围是从`0` 到`23`。
```
mysql> SELECT HOUR('10:05:03');
```
然而，`TIME` 值的范围实际上非常大, 所以`HOUR`可以返回大于`23`的值。如：
```
mysql> SELECT HOUR('272:59:59');
```
- `LAST_DAY(date)`

获取一个日期或日期时间值，返回该月最后一天对应的值。若参数无效，则返回`NULL`。
```
mysql> SELECT LAST_DAY('2003-02-05');

mysql> SELECT LAST_DAY('2004-02-05');

mysql> SELECT LAST_DAY('2004-01-01 01:01:01');

mysql> SELECT LAST_DAY('2003-03-32');
```
- `MAKEDATE(year,dayofyear)`

给出年份值和一年中的天数，最后返回一个日期。`dayofyear`必须大于`0`，否则结果为`NULL`。
```
mysql> SELECT MAKEDATE(2001,31), MAKEDATE(2001,32);

mysql> SELECT MAKEDATE(2001,365), MAKEDATE(2004,365);

mysql> SELECT MAKEDATE(2001,0);
```
- `MAKETIME(hour,minute,second)`

返回由`hour`、 `minute`和`second`参数计算得出的时间值。
```
mysql> SELECT MAKETIME(12,15,30);
```
- `NOW()`

返回当前日期和时间值，其格式为'YYYY-MM-DD HH:MM:SS'或YYYYMMDDHHMMSS ， 具体格式取决于该函数所用处于的字符串或数字类型语境中。
```
mysql> SELECT NOW();
+---------------------+
| NOW()               |
+---------------------+
| 2018-03-26 23:16:20 |
+---------------------+
1 row in set (0.00 sec)

mysql> SELECT NOW() + 0;
```
在一个存储程序或触发器内, `NOW()`返回一个常数时间，该常数指示了该程序或触发语句开始执行的时间。这同`SYSDATE()`的运行有所不同。

- `PERIOD_ADD(P,N)`

添加` N`个月至周期`P`(格式为YYMM 或YYYYMM)，返回值的格式为 `YYYYMM`。注意周期参数P不是日期值。
```
mysql> SELECT PERIOD_ADD(9801,2);
PERIOD_DIFF(P1,P2)
```
返回周期P1和P2之间的月份数。`P1`和`P2`的格式应该为`YYMM`或`YYYYMM`。注意周期参数`P1`和`P2 `不是日期值。
```
mysql> SELECT PERIOD_DIFF(9802,199703);
QUARTER(date)
```
返回`date` 对应的一年中的季度值，范围是从` 1`到 `4`。
```
mysql> SELECT QUARTER('98-04-01');
```
- `SEC_TO_TIME(seconds)`

返回被转化为小时、 分钟和秒数的`seconds`参数值, 其格式为`'HH:MM:SS'或HHMMSS，具体格式根据该函数是否用在字符串或数字语境中而定。
```
mysql> SELECT SEC_TO_TIME(2378);

mysql> SELECT SEC_TO_TIME(2378) + 0;
```
- `UNIX_TIMESTAMP(), UNIX_TIMESTAMP(date)`

若无参数调用，则返回一个`Unix timestamp`('1970-01-01 00:00:00' GMT时间之后的秒数) 作为无符号整数。若用date参数来调用UNIX_TIMESTAMP()，它会将参数值以'1970-01-01 00:00:00' GMT后的秒数的形式返回。`date `可以是一个`DATE`类型的字符串、一个 `DATETIME`类型的字符串、一个 `TIMESTAMP`或一个当地时间的YYMMDD或YYYMMDD格式的数字。
```
mysql> SELECT UNIX_TIMESTAMP();

mysql> SELECT UNIX_TIMESTAMP('1997-10-04 22:23:00');
```
当` UNIX_TIMESTAMP`被用在 `TIMESTAMP`列时, 函数直接返回内部时戳值， 而不进行任何隐含的 “string-to-Unix-timestamp”转化。假如你向`UNIX_TIMESTAMP()`传递一个溢出日期，它会返回` 0`,但请注意只有一般的时间范围生效（年份从1970 到2037， 月份从01到12,日期从01到31）。

- `UTC_DATE, UTC_DATE()`

返回当前`UTC`日期值，其格式为'YYYY-MM-DD'或 YYYYMMDD，具体格式取决于函数是否用在字符串或数字语境中。
```
mysql> SELECT UTC_DATE(), UTC_DATE() + 0;
```
- `UTC_TIME, UTC_TIME()`

返回当前` UTC` 值，其格式为 'HH:MM:SS' 或HHMMSS，具体格式根据该函数是否用在字符串或数字语境而定。
```
mysql> SELECT UTC_TIME(), UTC_TIME() + 0;
```
- `WEEK(date[,mode])`

该函数返回`date` 对应的星期数。`WEEK() `的双参数形式允许你指定该星期是否起始于周日或周一， 以及返回值的范围是否为从`0 `到`53`或从`1`到`53`。若 mode参数被省略，则使用`default_week_format`系统值。请参见服务器系统变量。

下表说明了`mode`参数的工作过程：

```
mysql> SELECT WEEK('1998-02-20');

mysql> SELECT WEEK('1998-02-20',0);

mysql> SELECT WEEK('1998-02-20',1);

mysql> SELECT WEEK('1998-12-31',1);
```
注意：假如有一个日期位于前一年的最后一周， 若你不使用2、3、6或7作为mode 参数选择，则MySQL返回 0：
```
mysql> SELECT YEAR('2000-01-01'), WEEK('2000-01-01',0);
```
有人或许会提出意见，认为 MySQL 对于`WEEK()`函数应该返回 `52 `，原因是给定的日期实际上发生在1999年的第52周。我们决定返回0作为代替的原因是我们希望该函数能返回“给定年份的星期数”。这使得`WEEK()`函数在同其它从日期中抽取日期部分的函数结合时的使用更加可靠。

假如你更希望所计算的关于年份的结果包括给定日期所在周的第一天，则应使用0、2、5或7 作为mode参数选择。
```
mysql> SELECT WEEK('2000-01-01',2);
```
作为选择，也可使用 `YEARWEEK()`函数:
```
mysql> SELECT YEARWEEK('2000-01-01');

mysql> SELECT MID(YEARWEEK('2000-01-01'),5,2);
```
