# 1.导入数据库
```
CREATE DATABASE mysql_04;

use mysql_04

CREATE TABLE student(

	sid int NOT NULL AUTO_INCREMENT,
	sname varchar(20) NOT NULL,
	gender varchar(10) NOT NULL,
	PRIMARY KEY(sid)

	);

CREATE TABLE course(

	cid int NOT NULL AUTO_INCREMENT,
	cname varchar(20) NOT NULL,
	PRIMARY KEY(cid)

);
CREATE TABLE mark(
 	mid int NOT NULL AUTO_INCREMENT,
 	sid int NOT NULL,
	cid int NOT NULL,
	score int NOT NULL,
	PRIMARY KEY(mid),
	FOREIGN KEY(sid) REFERENCES student(sid),
	FOREIGN KEY(cid) REFERENCES course(cid)

);

INSERT INTO student VALUES(1,'Tom','male'),(2,'Jack','male'),(3,'Rose','female');
INSERT INTO course VALUES(1,'math'),(2,'physics'),(3,'chemistry');
INSERT INTO mark VALUES(1,1,1,80),(2,2,1,85),(3,3,1,90),(4,1,2,60),(5,2,2,90),(6,3,2,75),(7,1,3,95),(8,2,3,75),(9,3,3,85);
```
数据库 `mysql_04` 中有三张表分别用于记录学生信息、课程信息和成绩信息。

数据库表的数据如下：

- 学生表(student)：学生 id 、学生姓名和性别

- 课程表(course)：课程 id 和课程名

- 成绩表(mark)：成绩 id 、学生 id 、课程 id 和分数

# 2.要求:
1.找出物理(physics)分数最高的同学，并把他的信息（id、姓名、性别）输出到路径 /tmp/ 下的 physics.txt 文件中
```
mysql> select sid ,sname ,gender
    -> from student where
    -> sid = (select sid from mark where
    -> cid = (select cid from course where cname ='physics')
    -> order by score desc limit 1);
+-----+-------+--------+
| sid | sname | gender |
+-----+-------+--------+
|   2 | Jack  | male   |
+-----+-------+--------+
1 row in set (0.11 sec)
```
2.修改 Tom 的化学(chemistry)成绩，在原来的基础上加3分。
初始表：
```
mysql> select * from mark;
+-----+-----+-----+-------+
| mid | sid | cid | score |
+-----+-----+-----+-------+
|   1 |   1 |   1 |    80 |
|   2 |   2 |   1 |    85 |
|   3 |   3 |   1 |    90 |
|   4 |   1 |   2 |    60 |
|   5 |   2 |   2 |    90 |
|   6 |   3 |   2 |    75 |
|   7 |   1 |   3 |    95 |
|   8 |   2 |   3 |    75 |
|   9 |   3 |   3 |    85 |
+-----+-----+-----+-------+
9 rows in set (0.00 sec)
```
经过修改操作：
```
mysql> update mark set score = score + 3
    -> where cid = (select cid from course where
    -> cname = 'chemistry')
    -> and sid = (select sid from student where sname ='Tom')
    -> ;
Query OK, 1 row affected (0.15 sec)
Rows matched: 1  Changed: 1  Warnings: 0
```
显示一下：
```
mysql> select *from mark;
+-----+-----+-----+-------+
| mid | sid | cid | score |
+-----+-----+-----+-------+
|   1 |   1 |   1 |    80 |
|   2 |   2 |   1 |    85 |
|   3 |   3 |   1 |    90 |
|   4 |   1 |   2 |    60 |
|   5 |   2 |   2 |    90 |
|   6 |   3 |   2 |    75 |
|   7 |   1 |   3 |    98 |
|   8 |   2 |   3 |    75 |
|   9 |   3 |   3 |    85 |
+-----+-----+-----+-------+
9 rows in set (0.00 sec)
```
