# 简化数据操作提升性能

数据库` mysql_final` 中有三张表分别用于记录学生信息、课程信息和成绩信息。
```
CREATE DATABASE mysql_final;

use mysql_final

CREATE TABLE student(
	sid int NOT NULL AUTO_INCREMENT,
	sname varchar(20) NOT NULL,
	gender varchar(10) NOT NULL,
	PRIMARY KEY(sid)
	);

CREATE TABLE course(
	cid int NOT NULL AUTO_INCREMENT,
	cname varchar(20) NOT NULL,
	PRIMARY KEY(cid)
);

CREATE TABLE mark(
 	mid int NOT NULL AUTO_INCREMENT,
 	sid int NOT NULL,
	cid int NOT NULL,
	score int NOT NULL,
	PRIMARY KEY(mid),
	FOREIGN KEY(sid) REFERENCES student(sid),
	FOREIGN KEY(cid) REFERENCES course(cid)
);

CREATE TABLE modifymark(
	m_mid int NOT NULL AUTO_INCREMENT,
	m_sid int NOT NULL,
	m_cid int NOT NULL,
	m_score int NOT NULL,
	m_time  datetime NOT NULL,
	PRIMARY KEY(m_mid),
	FOREIGN KEY(m_sid) REFERENCES student(sid),
	FOREIGN KEY(m_cid) REFERENCES course(cid)
);

INSERT INTO student VALUES(1,'Tom','male'),(2,'Jack','male'),(3,'Rose','female');

INSERT INTO course VALUES(1,'math'),(2,'physics'),(3,'chemistry');

INSERT INTO mark VALUES(1,1,1,80),(2,2,1,85),(3,3,1,90),(4,1,2,60),(5,2,2,90),(6,3,2,75),(7,1,3,95),(8,2,3,75),(9,3,3,85);
```
数据库表的数据如下：

- 学生表(`student`)：学生 `id` 、学生姓名和性别

- 课程表(`course`)：课程 `id` 和课程名

- 成绩表(`mark`)：成绩 `id` 、学生 `id `、课程 `id `和分数

- 成绩更新表（`modifymark`）：成绩 `id (m_mid)`、学生 id (m_sid)、课程 `id(m_cid)` 、分数(`m_score`)和更新时间(`m_time`)，表结构与` mark `表大致类似。

## 目标

1.完成数据库的建立
```
mysql> source /home/lzy/mysql_final.sql
Query OK, 1 row affected (0.03 sec)

Database changed
Query OK, 0 rows affected (0.19 sec)

Query OK, 0 rows affected (0.02 sec)

Query OK, 0 rows affected (0.04 sec)

Query OK, 0 rows affected (0.01 sec)

Query OK, 3 rows affected (0.05 sec)
Records: 3  Duplicates: 0  Warnings: 0

Query OK, 3 rows affected (0.00 sec)
Records: 3  Duplicates: 0  Warnings: 0

Query OK, 9 rows affected (0.00 sec)
Records: 9  Duplicates: 0  Warnings: 0
```
2.创建触发器 `trigger_modify `实现当 `mark `表有分数被修改时，将更新后的整条数据插入到 `modifymark` 表中。测试将 `Tom` 的化学成绩在原来的基础上加`3`分，查看 `modifymark` 中是否插入了数据
```
mysql> use mysql_final
Database changed
mysql> show tables;
+-----------------------+
| Tables_in_mysql_final |
+-----------------------+
| course                |
| mark                  |
| modifymark            |
| student               |
+-----------------------+
4 rows in set (0.00 sec)
```

```
mysql> create trigger trigger_modify
    -> after update on mark
    -> for each row
    -> insert into modifymark values(NULL,NEW.sid,NEW.cid,NEW.score,NOW());
Query OK, 0 rows affected (0.04 sec)
```
```
mysql>  update mark SET score = score + 3 WHERE
    -> cid = (SELECT cid FROM course WHERE cname = 'chemistry') and
    -> sid = (SELECT sid FROM student WHERE sname = 'Tom');
Query OK, 1 row affected (0.06 sec)
Rows matched: 1  Changed: 1  Warnings: 0
```
```
mysql> select *from modifymark;
+-------+-------+-------+---------+---------------------+
| m_mid | m_sid | m_cid | m_score | m_time              |
+-------+-------+-------+---------+---------------------+
|     1 |     1 |     3 |      98 | 2018-03-29 14:08:28 |
+-------+-------+-------+---------+---------------------+
1 row in set (0.00 sec)
```
3.创建存储过程 `math_proc `将数学课的全部学生的成绩按`降序`排列显示。包括课程名(`cname`)` math`、学生姓名(`sname`)以及分数(`score`)
```
mysql> create procedure math_proc() 
    -> select cname,sname,score FROM mark AS m, student AS s,course AS c where s.sid = m.sid AND c.cid = m.cid AND c.cname = 'math' 
    ->order by score DESC;
Query OK, 0 rows affected (0.27 sec)
```
4.创建用户`testuser`，密码为 `123456`，并为其分配在数据库 `gradesystem`下所有表的 `select `权限
```
mysql> grant select on mysql_final.* to 'testuser'@'localhost' identified by '123456';
Query OK, 0 rows affected (0.03 sec)
```
